;human_ensembl_id;gene;baseMean;log2FoldChange;lfcSE;stat;pvalue;padj
ENSG00000261509.6;ENSG00000261509;TP53TG3B;19.2383981026789;25.7071403686825;2.643723356668;9.72383903324982;2.38611708723995e-22;5.91709315293762e-18
ENSG00000154146.13;ENSG00000154146;NRGN;295.577686340712;1.91326826988816;0.204791015668216;9.34254007015557;9.40502344625746e-21;2.33225771420292e-16
ENSG00000121858.11;ENSG00000121858;TNFSF10;23.770816675691;2.91606534610922;0.33142914047626;8.79845792050411;1.38708995865608e-18;3.43970567947535e-14
ENSG00000168779.19;ENSG00000168779;SHOX2;237.117616981779;-2.34952001348759;0.287064910407905;-8.18462977641203;2.73142050872564e-16;6.77337657753784e-12
ENSG00000125462.17;ENSG00000125462;MIR9-1HG;2094.95161289149;-2.82193474571732;0.349492132736238;-8.07438703590802;6.78164501466688e-16;1.68171233073709e-11
ENSG00000108439.10;ENSG00000108439;PNPO;616.870788429438;-0.524102310254161;0.0649635742037979;-8.06763354199068;7.16737919195689e-16;1.77736669202147e-11
ENSG00000085276.18;ENSG00000085276;MECOM;148.649704783729;-2.30109623789484;0.287130819870737;-8.0141039507036;1.10942848302274e-15;2.75116075219979e-11
ENSG00000128683.14;ENSG00000128683;GAD1;201.401520834121;-2.26621565352396;0.283781798415348;-7.98576817180885;1.39649916857482e-15;3.46303863823184e-11
ENSG00000180828.2;ENSG00000180828;BHLHE22;151.895887350001;-2.29042917571987;0.298228221284007;-7.68012217575701;1.58936934711871e-14;3.94131810698497e-10
ENSG00000196482.17;ENSG00000196482;ESRRG;1321.5840294293;-1.08897432615061;0.14185774528364;-7.6765235762999;1.63463981320532e-14;4.05357980878654e-10
ENSG00000130675.15;ENSG00000130675;MNX1;418.408282268614;-2.41293712644676;0.314582520348677;-7.67028353569141;1.71616560862832e-14;4.25574747627652e-10
ENSG00000101438.4;ENSG00000101438;SLC32A1;132.237349277789;-2.86403834242189;0.37555308358016;-7.62618779512851;2.41797520253226e-14;5.9960949072395e-10
ENSG00000157005.4;ENSG00000157005;SST;921.750345877328;-2.44244892790264;0.324259296022398;-7.53239446906691;4.9818185693766e-14;1.23539136883401e-09
ENSG00000165970.11;ENSG00000165970;SLC6A5;91.3569339319121;-3.23044928860932;0.435110171355851;-7.4244398344973;1.13258211105456e-13;2.8085771189931e-09
ENSG00000121454.6;ENSG00000121454;LHX4;603.019955272843;-1.775487144692;0.24859077063731;-7.14220861917035;9.18430619531974e-13;2.27752425031539e-08
ENSG00000164651.16;ENSG00000164651;SP8;78.2216695567807;-2.48282817698681;0.35386282178584;-7.0163578204026;2.27726408361515e-12;5.64715947454885e-08
ENSG00000110455.13;ENSG00000110455;ACCS;37.9137516396218;2.92468173750859;0.418420332305695;6.98981744360319;2.75244157644264e-12;6.82550462126246e-08
ENSG00000162944.10;ENSG00000162944;RFTN2;209.705953079332;-1.23317088578808;0.176521973834314;-6.98593415313578;2.82966776137149e-12;7.01701011464902e-08
ENSG00000116833.14;ENSG00000116833;NR5A2;59.1059178391442;-1.82183592595341;0.262319811182245;-6.94509468325174;3.78206576714636e-12;9.37876668936955e-08
ENSG00000250467.1;ENSG00000250467;PHOX2B-AS1;36.5448927852797;1.5328971439453;0.221775592570898;6.91192897367756;4.78107241028382e-12;1.18561033630218e-07
ENSG00000166130.15;ENSG00000166130;IKBIP;322.0215257022;0.46709790458269;0.0677355588187335;6.89590390525434;5.35233683264432e-12;1.32727248775914e-07
ENSG00000111341.9;ENSG00000111341;MGP;204.975542815455;3.01330402536637;0.438620011975807;6.8699647601409;6.42177659610749e-12;1.59247216030273e-07
ENSG00000119715.15;ENSG00000119715;ESRRB;183.134065682832;-1.6266047551163;0.237878206696895;-6.83797300182661;8.03215291672329e-12;1.99181328028904e-07
ENSG00000132692.19;ENSG00000132692;BCAN;1325.75570351267;-2.3851446977184;0.349456938292175;-6.82528928850232;8.77483092816212e-12;2.17598257356564e-07
ENSG00000149231.14;ENSG00000149231;CCDC82;2263.48462995429;-0.383319388892561;0.0571554765454097;-6.70660822131394;1.99200129771689e-11;4.93976481807834e-07
ENSG00000115194.10;ENSG00000115194;SLC30A3;63.0381618854861;-2.32213930480018;0.347942710462139;-6.6739127878722;2.4907166632885e-11;6.17647918162283e-07
ENSG00000164434.12;ENSG00000164434;FABP7;1181.03711429313;-2.21601195218469;0.332437651739484;-6.66594755614889;2.62963154937515e-11;6.52096031614049e-07
ENSG00000221818.9;ENSG00000221818;EBF2;57.9508570575055;-2.15555474312794;0.32416729413642;-6.64951332882093;2.94063718957049e-11;7.2921921026969e-07
ENSG00000204650.14;ENSG00000204650;LINC02210;1126.66266805042;-0.307749526653508;0.0464398453416911;-6.62684219529965;3.4294390540057e-11;8.50432296612335e-07
ENSG00000101203.16;ENSG00000101203;COL20A1;27.0578381613358;-2.13276550576735;0.322081011965679;-6.62182937376827;3.54780442573098e-11;8.79784541492769e-07
ENSG00000175352.11;ENSG00000175352;NRIP3;247.687517011517;-0.744688964005505;0.113339951088705;-6.57040131791373;5.01798312426265e-11;1.24435945515465e-06
ENSG00000107187.16;ENSG00000107187;LHX3;237.644688054631;-2.05595342471168;0.313662767713616;-6.55466200116182;5.5768044443377e-11;1.38293596610686e-06
ENSG00000177807.9;ENSG00000177807;KCNJ10;109.341443946179;-2.16305557559847;0.33068909480095;-6.54105505626204;6.10863362526106e-11;1.51481896639224e-06
ENSG00000150275.18;ENSG00000150275;PCDH15;295.690246750691;-0.931624854255142;0.14257912315116;-6.53409022068011;6.39973600697021e-11;1.58700653500847e-06
ENSG00000257842.5;ENSG00000257842;NOVA1-DT;26.8188946039728;-1.19221188093176;0.184692538890152;-6.45511663923166;1.0813558421061e-10;2.68154621725472e-06
ENSG00000164619.10;ENSG00000164619;BMPER;94.521177948617;-1.37760090815071;0.213555500791066;-6.45078634382027;1.11271278222621e-10;2.75930515736455e-06
ENSG00000136750.13;ENSG00000136750;GAD2;28.2275120347218;-2.83178105595454;0.439434812946945;-6.44414364206606;1.16254942538836e-10;2.88289006507806e-06
ENSG00000169908.12;ENSG00000169908;TM4SF1;285.133203666281;2.28449896031442;0.35485897900166;6.43776569143467;1.21244970047008e-10;3.0066327672257e-06
ENSG00000042832.12;ENSG00000042832;TG;58.4403789033188;1.23898112302432;0.193494409384086;6.40318822113846;1.52165410380109e-10;3.77339784660594e-06
ENSG00000168081.9;ENSG00000168081;PNOC;19.2594807200515;-2.63502981332091;0.412120170342376;-6.39383850378353;1.61772289803277e-10;4.01162924254167e-06
ENSG00000134184.12;ENSG00000134184;GSTM1;30.069312981275;2.79263072551348;0.438238997471189;6.37239210026506;1.86102347096481e-10;4.61496600329854e-06
ENSG00000121068.14;ENSG00000121068;TBX2;221.231727789739;1.17932650302302;0.185201097332674;6.36781595794011;1.91738787336275e-10;4.75473844836496e-06
ENSG00000271383.7;ENSG00000271383;NBPF19;1337.61677571318;0.748473512105073;0.117613780238111;6.36382497518383;1.96790377682472e-10;4.88000778576995e-06
ENSG00000155542.11;ENSG00000155542;SETD9;80.318369671395;0.777501439590611;0.122413868042138;6.35141632256055;2.13341455633106e-10;5.29044141678975e-06
ENSG00000117569.18;ENSG00000117569;PTBP2;1931.30239781199;-0.509072015217183;0.0801754842305414;-6.34947228698198;2.16054781802008e-10;5.3577264791262e-06
ENSG00000115414.19;ENSG00000115414;FN1;3769.65700402046;1.42552646014911;0.224631083798149;6.34607836122127;2.20872762286457e-10;5.47720275917956e-06
ENSG00000237515.9;ENSG00000237515;SHISA9;375.464426021832;-0.958112972371438;0.151033860899797;-6.34369648410892;2.24316558594088e-10;5.5626020200162e-06
ENSG00000189056.14;ENSG00000189056;RELN;1375.48777069052;-1.59377656140131;0.251335374440074;-6.34123455542992;2.27931208531287e-10;5.65223810915884e-06
ENSG00000065717.15;ENSG00000065717;TLE2;1508.96124293462;0.697752775524069;0.110407637366873;6.31978721911698;2.61923700970494e-10;6.4951839366663e-06
ENSG00000078549.14;ENSG00000078549;ADCYAP1R1;1776.62679801919;-1.06477675969918;0.169506791051072;-6.2816171145519;3.35069243532398e-10;8.30904710111641e-06
ENSG00000197705.9;ENSG00000197705;KLHL14;35.12400358175;-1.94586476754014;0.310747474433891;-6.26188441622913;3.8035282769761e-10;9.43198942124532e-06
ENSG00000184221.13;ENSG00000184221;OLIG1;364.350883128486;-1.66609816347492;0.266272641827555;-6.25711358117643;3.92167807364251e-10;9.7249772870187e-06
ENSG00000013293.6;ENSG00000013293;SLC7A14;541.847523167553;-0.655206095556221;0.104759496276057;-6.25438379189659;3.99088493583851e-10;9.89659646389235e-06
ENSG00000100314.4;ENSG00000100314;CABP7;140.837359095962;-1.13249432770639;0.181218436491738;-6.24933284731226;4.12209625017447e-10;1.02219742811827e-05
ENSG00000155052.14;ENSG00000155052;CNTNAP5;651.22944157178;-1.24182947949776;0.199196433954709;-6.23419533594717;4.54106165266756e-10;1.1260924686285e-05
ENSG00000171877.21;ENSG00000171877;FRMD5;566.16340695676;-0.572923472414761;0.092084877681992;-6.22168902035476;4.9183115025097e-10;1.21964288639236e-05
ENSG00000107798.18;ENSG00000107798;LIPA;1773.30966755427;0.435990194202771;0.0703031714792835;6.20157220547648;5.59018617202581e-10;1.38625436693896e-05
ENSG00000276644.5;ENSG00000276644;DACH1;1035.90201203161;-1.09899012869376;0.177438237458673;-6.193648812307;5.87871325862395e-10;1.45780331387357e-05
ENSG00000196639.6;ENSG00000196639;HRH1;72.2327207937077;-1.57011124872745;0.253701279680293;-6.18881879786362;6.06167138482706e-10;1.50317327000941e-05
ENSG00000066382.16;ENSG00000066382;MPPED2;1436.83849658633;-0.810705436629862;0.131134139168036;-6.18226071237652;6.31900517363787e-10;1.56698690295872e-05
ENSG00000245526.10;ENSG00000245526;MIR9-2HG;822.765421867089;-1.17568528471084;0.190277351682797;-6.17879781441763;6.45915513119789e-10;1.60174128943445e-05
ENSG00000204963.6;ENSG00000204963;PCDHA7;312.652169707407;-2.50479329997818;0.405833356484202;-6.17197492507172;6.74421985005027e-10;1.67243163841547e-05
ENSG00000146006.8;ENSG00000146006;LRRTM2;432.773859320599;-1.08403324280956;0.175834976932845;-6.1650603407738;7.04562679845365e-10;1.74717453348053e-05
ENSG00000153551.13;ENSG00000153551;CMTM7;221.525040671587;1.02278584177971;0.166576448314218;6.14003871573971;8.25013708567758e-10;2.04586899450633e-05
ENSG00000079102.16;ENSG00000079102;RUNX1T1;1960.00732580316;-0.899710523416238;0.146637973819417;-6.1355902566154;8.48435788413938e-10;2.10395106810888e-05
ENSG00000260802.1;ENSG00000260802;SERTM2;46.9259292072596;-1.38879864656527;0.227310663798081;-6.10969421038221;9.98222160455928e-10;2.47539131349861e-05
ENSG00000116285.13;ENSG00000116285;ERRFI1;1208.67784060767;-1.10518794924665;0.181054588097708;-6.10416980237049;1.03336382555257e-09;2.56253561460525e-05
ENSG00000159461.15;ENSG00000159461;AMFR;4388.37152883093;0.762835280586367;0.125215840747015;6.09216274902144;1.11395346896032e-09;2.76238181232779e-05
ENSG00000187773.8;ENSG00000187773;DIPK1C;129.314637714296;-3.1131276503875;0.512282232938797;-6.07697759207556;1.22468868438475e-09;3.03698299953731e-05
ENSG00000005513.10;ENSG00000005513;SOX8;334.185543670622;-1.50598612876662;0.248913945967238;-6.05022801319793;1.44640968691109e-09;3.58680674160211e-05
ENSG00000110042.8;ENSG00000110042;DTX4;6585.97256958488;-0.651387383834271;0.107759881987075;-6.0448041685161;1.49591586973009e-09;3.70957217375667e-05
ENSG00000100146.17;ENSG00000100146;SOX10;28.7768927027209;-2.18887026738357;0.362622055984538;-6.0362303706008;1.57755996786992e-09;3.91203320832382e-05
ENSG00000167614.13;ENSG00000167614;TTYH1;7945.82406627881;-1.43722411613946;0.238113898453441;-6.03586823563967;1.58110231935248e-09;3.92081753153027e-05
ENSG00000183775.11;ENSG00000183775;KCTD16;683.86933124251;0.506442962108413;0.0840081068853907;6.02850106834731;1.6548730425115e-09;4.10375417082003e-05
ENSG00000162992.3;ENSG00000162992;NEUROD1;90.3760033890253;-1.61312414251502;0.26758939282367;-6.0283560775445;1.6563580413917e-09;4.10743667104315e-05
ENSG00000258548.5;ENSG00000258548;LINC00645;382.695919543134;-1.17322913597763;0.195028085316057;-6.01569324785365;1.79118477064067e-09;4.44177999423473e-05
ENSG00000253873.6;ENSG00000253873;PCDHGA11;91.4332209409806;-2.23538605944608;0.372547292286622;-6.00027461138082;1.96984102459523e-09;4.88481177279125e-05
ENSG00000108001.13;ENSG00000108001;EBF3;660.678391927587;-1.01255978043116;0.168804175055691;-5.99842853470361;1.99236167033406e-09;4.9406584700944e-05
ENSG00000144119.4;ENSG00000144119;C1QL2;65.7441460625558;1.9588178636048;0.327121304261131;5.98804736374227;2.12375224847284e-09;5.26648082576294e-05
ENSG00000253661.1;ENSG00000253661;ZFHX4-AS1;180.022925604527;-0.846083663427009;0.141649298334635;-5.9730875717309;2.32804849071452e-09;5.77309464727388e-05
ENSG00000100285.9;ENSG00000100285;NEFH;1047.06803971312;0.647814901679452;0.108875498554779;5.95005221816289;2.6805695477813e-09;6.64727636458807e-05
ENSG00000161381.14;ENSG00000161381;PLXDC1;227.193999577758;-0.791804347212422;0.133099890153898;-5.9489481643966;2.69871080259716e-09;6.69226304828044e-05
ENSG00000196353.11;ENSG00000196353;CPNE4;321.727333999681;-1.06142017611778;0.178643864654277;-5.94154284655622;2.82351914133655e-09;7.00176276668637e-05
ENSG00000139364.10;ENSG00000139364;TMEM132B;808.148423087835;-1.34024328587081;0.225690893311595;-5.93840214908643;2.87813350050493e-09;7.13719545455212e-05
ENSG00000120162.10;ENSG00000120162;MOB3B;338.116840377776;-0.545171258744285;0.0919473870242266;-5.92916532365015;3.04478413952284e-09;7.55045570918875e-05
ENSG00000114541.15;ENSG00000114541;FRMD4B;1698.34989759608;0.507731312554381;0.0859800424072735;5.90522286729448;3.52170332458314e-09;8.73311990430128e-05
ENSG00000253537.3;ENSG00000253537;PCDHGA7;81.1457818214561;-3.51802865831234;0.596692121146811;-5.89588589095307;3.72676459103862e-09;9.24163083285756e-05
ENSG00000104953.20;ENSG00000104953;TLE6;382.95847446071;0.729785172382373;0.124614956363576;5.85632089179694;4.73233434275209e-09;0.000117352427031566
ENSG00000179841.8;ENSG00000179841;AKAP5;181.053718730756;-0.445961042950665;0.0761696282574214;-5.85484074365577;4.77467324526932e-09;0.000118402347136189
ENSG00000159556.10;ENSG00000159556;ISL2;135.970628965455;-1.78723430374886;0.305509083164901;-5.85002018674575;4.91513355654485e-09;0.000121885481935199
ENSG00000242808.8;ENSG00000242808;SOX2-OT;451.175914620862;-1.25042843941129;0.214531968958141;-5.82863451766142;5.58827412098288e-09;0.000138578021652133
ENSG00000134330.18;ENSG00000134330;IAH1;390.602966983985;-1.00027352697207;0.171783363259141;-5.82287776880425;5.78428605172775e-09;0.000143438725510745
ENSG00000101542.10;ENSG00000101542;CDH20;240.316113381864;-1.64199772346288;0.282058262194991;-5.82148422345361;5.83273121394007e-09;0.000144640068643286
ENSG00000176124.13;ENSG00000176124;DLEU1;251.983657374236;0.401746646041739;0.0690829626627558;5.81542294303383;6.04807694651785e-09;0.00014998021211975
ENSG00000197256.10;ENSG00000197256;KANK2;632.968359068149;0.521457748845974;0.0897210594779676;5.81198830999121;6.17351526369608e-09;0.000153090831509135
ENSG00000152784.15;ENSG00000152784;PRDM8;530.804423749115;-1.70388816619876;0.293341528914134;-5.80854736970269;6.30172009556825e-09;0.000156270054929901
ENSG00000075891.21;ENSG00000075891;PAX2;14.4446113420485;-2.70857700011514;0.466365407813533;-5.8078428518397;6.32828705578131e-09;0.000156928862409265
ENSG00000186487.19;ENSG00000186487;MYT1L;1677.57896300199;-0.745161943517992;0.12840802111092;-5.80307941101524;6.51079363046284e-09;0.000161454660448217
ENSG00000182103.5;ENSG00000182103;FAM181B;703.451455444702;-1.31591053431964;0.227229193615519;-5.79111562815391;6.99204180850934e-09;0.000173388652767415
ENSG00000123560.14;ENSG00000123560;PLP1;574.977651736001;-1.81046155234843;0.312718585073536;-5.78942742377368;7.06267651675721e-09;0.000175140252262545
ENSG00000118432.12;ENSG00000118432;CNR1;5254.77640694539;-0.554823429023181;0.095838096830228;-5.78917411106379;7.07333485306025e-09;0.000175404557686188
ENSG00000143867.7;ENSG00000143867;OSR1;143.787735140095;2.23457035225707;0.386034899418109;5.78851900598975;7.10097151406917e-09;0.000176089891605887
ENSG00000074410.14;ENSG00000074410;CA12;81.8090736656418;-1.81681896230877;0.314134721291033;-5.78356621911132;7.3133380121179e-09;0.0001813561560245
ENSG00000106003.13;ENSG00000106003;LFNG;278.840550554752;-1.07149268244682;0.185721819775404;-5.76934193161896;7.95816844397372e-09;0.00019734666107366
ENSG00000156253.7;ENSG00000156253;RWDD2B;261.543582406657;-0.940084204552399;0.163881663970294;-5.73635989394643;9.67329990093524e-09;0.000239878490943392
ENSG00000205927.5;ENSG00000205927;OLIG2;201.124632596645;-1.87894648616774;0.328387439943793;-5.7217367585354;1.05440591433107e-08;0.000261471578635819
ENSG00000176204.13;ENSG00000176204;LRRTM4;383.701699964959;-0.499685416830217;0.0873328867229851;-5.72161800187816;1.05514334338885e-08;0.000261654446293567
ENSG00000144230.16;ENSG00000144230;GPR17;71.9384959528364;-2.45831148776618;0.429726371013494;-5.72064377145006;1.06121185827658e-08;0.000263159316615425
ENSG00000164465.18;ENSG00000164465;DCBLD1;511.144537536375;0.72398278718985;0.126567070486397;5.72015125583287;1.06429265039761e-08;0.000263923291445599
ENSG00000150672.17;ENSG00000150672;DLG2;370.032426522928;-0.524469172962272;0.0917578927847519;-5.71579356331325;1.09193234389202e-08;0.000270777382638344
ENSG00000082482.13;ENSG00000082482;KCNK2;207.395122495205;-1.00138260751723;0.17588246718049;-5.69347601025867;1.2447871323356e-08;0.000308682313076581
ENSG00000119614.3;ENSG00000119614;VSX2;720.214283732032;-1.66138518101063;0.292240454795578;-5.68499382528258;1.30817386190896e-08;0.000324400954276183
ENSG00000120251.20;ENSG00000120251;GRIA2;2232.175188112;-0.727708386244563;0.128276446768914;-5.67296962594783;1.40343120990056e-08;0.00034802287143114
ENSG00000162367.11;ENSG00000162367;TAL1;23.9340628170794;-3.01684857625735;0.532515779543001;-5.66527545690079;1.46788533810414e-08;0.000364006206143064
ENSG00000147889.17;ENSG00000147889;CDKN2A;56.825898888171;1.37049532713085;0.242958960339471;5.64085113475931;1.69211613304761e-08;0.000419610958673146
ENSG00000122359.18;ENSG00000122359;ANXA11;716.475620032237;0.68797913373776;0.122095774692198;5.63474973210292;1.7531274253523e-08;0.000434740538938865
ENSG00000145242.13;ENSG00000145242;EPHA5;1645.67642908205;-0.722801999724174;0.128413260606737;-5.62871775320573;1.81554198750752e-08;0.000450218102062116
ENSG00000126790.12;ENSG00000126790;L3HYPDH;920.139251920629;0.633081249114316;0.113037862512866;5.60061235271728;2.13595913104745e-08;0.000529675145317147
ENSG00000067798.16;ENSG00000067798;NAV3;1206.554883495;-0.506011315170497;0.0904157265272986;-5.59649670035799;2.18726482644346e-08;0.000542397931661448
ENSG00000158161.16;ENSG00000158161;EYA3;612.729138035879;-0.468590720226501;0.083803907047275;-5.59151400855526;2.25098129376712e-08;0.00055819834122837
ENSG00000133020.4;ENSG00000133020;MYH8;60.2263395265959;1.76458483140586;0.316697176826088;5.57183631723648;2.52068193636984e-08;0.000625078706580993
ENSG00000106278.12;ENSG00000106278;PTPRZ1;3405.86137262369;-0.958945084499957;0.172632681883948;-5.55482932915683;2.77883136159196e-08;0.000689094601047575
ENSG00000086205.18;ENSG00000086205;FOLH1;26.3727040877353;-2.10243880332448;0.380430363175514;-5.52647476866746;3.26729222749678e-08;0.000810223126574652
ENSG00000154162.14;ENSG00000154162;CDH12;675.741728998004;-1.05376690154375;0.190872852565757;-5.52077934278645;3.37499385838208e-08;0.000836930977001587
ENSG00000115380.20;ENSG00000115380;EFEMP1;3997.64215088209;0.676396202185846;0.122533566816329;5.52008906424575;3.38827882409256e-08;0.000840225382798472
ENSG00000162614.18;ENSG00000162614;NEXN;129.542612670075;0.917072995469084;0.166161394924759;5.5191700568255;3.40604460352435e-08;0.000844630940781968
ENSG00000132437.18;ENSG00000132437;DDC;1761.7753343149;0.68896126530697;0.124939841031306;5.51434402045013;3.5008322745739e-08;0.000868136387448837
ENSG00000065457.10;ENSG00000065457;ADAT1;1138.11872011656;-0.281071503896853;0.0510542401194368;-5.5053508433249;3.6843378690672e-08;0.000913642104771283
ENSG00000124785.9;ENSG00000124785;NRN1;305.463336374241;-1.33481630240729;0.242516231954815;-5.5040287062352;3.71209065424656e-08;0.000920524240440063
ENSG00000273706.4;ENSG00000273706;LHX1;392.912297928703;-1.09376152558118;0.198917407434757;-5.49857118935116;3.82880962124933e-08;0.000949468209877409
ENSG00000286025.1;ENSG00000286025;FAM246C;72.8656964830591;-0.861320890564203;0.156806821593012;-5.49287895650191;3.95433831473243e-08;0.000980596815287349
ENSG00000162512.16;ENSG00000162512;SDC3;11730.3655352235;-0.481545538915392;0.0877154628638411;-5.48985917868192;4.02254322838682e-08;0.000997510269775363
ENSG00000174721.9;ENSG00000174721;FGFBP3;5530.13779734493;-1.49395064690271;0.27247770453492;-5.48283629096429;4.18560318214772e-08;0.00103794587710899
ENSG00000113389.16;ENSG00000113389;3,00Â NPR;184.992694167242;1.34025212385141;0.244473883186103;5.48218937084237;4.20094195776211e-08;0.00104174958668585
ENSG00000106853.20;ENSG00000106853;PTGR1;589.700373796509;0.661402965880978;0.120941977891683;5.46876260344724;4.53188249395808e-08;0.00112381622085172
ENSG00000164440.15;ENSG00000164440;TXLNB;356.059437521386;0.910330824453835;0.166526757021921;5.46657390520132;4.58817177055245e-08;0.0011377748356616
ENSG00000253305.2;ENSG00000253305;PCDHGB6;8141.86433399474;0.57768624746837;0.105727614028847;5.46391075571563;4.65757757466343e-08;0.00115498608696504
ENSG00000197977.4;ENSG00000197977;ELOVL2;344.264381030002;-0.947091154283909;0.173583615717452;-5.45610915160057;4.86680827635803e-08;0.00120687111637127
ENSG00000112182.15;ENSG00000112182;BACH2;2041.34917201983;-0.600499391097496;0.110084829458134;-5.45487869721296;4.90062879734736e-08;0.0012152579291662
ENSG00000117151.13;ENSG00000117151;CTBS;356.32159436076;0.777484858890362;0.142542797491006;5.45439596090022;4.91395951225163e-08;0.00121856367984816
ENSG00000261456.5;ENSG00000261456;TUBB8;10.2291373768611;-1.65330120422952;0.303326234721955;-5.4505710847762;5.02083288499875e-08;0.00124506613882199
ENSG00000165025.15;ENSG00000165025;SYK;22.8002006517367;1.19826801533645;0.219853491595688;5.45030241111693;5.02842417325342e-08;0.00124694862648338
ENSG00000144583.5;ENSG00000144583;MARCHF4;824.677034970161;-0.624608781878807;0.11480517595302;-5.4405977491329;5.31020933055741e-08;0.00131682570979163
ENSG00000138061.12;ENSG00000138061;CYP1B1;67.7560479420675;1.8551374171272;0.340983400592651;5.4405505191832;5.31161742717997e-08;0.00131717488959209
ENSG00000171466.10;ENSG00000171466;ZNF562;798.337138891595;-0.351167626401646;0.0647683073374651;-5.42190526258378;5.89671330533267e-08;0.00146226696545639
ENSG00000139163.15;ENSG00000139163;ETNK1;2163.68236897932;-0.352980539771432;0.0651051738694203;-5.42169721379434;5.90358178270328e-08;0.00146397021047476
ENSG00000188313.13;ENSG00000188313;PLSCR1;239.318177231172;0.9870572398542;0.182182401364663;5.4179615180199;6.02823863725117e-08;0.00149488261726555
ENSG00000006128.12;ENSG00000006128;TAC1;639.530130888348;0.62886841406923;0.116101771553841;5.41652729026273;6.07677192509417e-08;0.00150691790198485
ENSG00000064218.5;ENSG00000064218;DMRT3;209.926589736411;-1.99576864023477;0.368865380615409;-5.41056099356645;6.28276194132479e-08;0.00155799930620972
ENSG00000189129.13;ENSG00000189129;PLAC9;6.94270371079684;1.49620772902598;0.276905030431036;5.40332447806003;6.5416966476911e-08;0.00162220993469444
ENSG00000126870.16;ENSG00000126870;DYNC2I1;1054.50925653086;0.319948097165292;0.0592673729619322;5.39838499963203;6.7243448328814e-08;0.00166750303165793
ENSG00000080224.17;ENSG00000080224;EPHA6;132.72299779453;-0.913968353752153;0.169362095458627;-5.39653427927398;6.7940436308981e-08;0.00168478693959011
ENSG00000147883.11;ENSG00000147883;CDKN2B;111.709003362657;1.58009177409065;0.292927963621766;5.39413087966873;6.88560171523935e-08;0.00170749151334505
ENSG00000103740.10;ENSG00000103740;ACSBG1;265.607592997713;-1.84523676417326;0.342531573612572;-5.38705598643691;7.16211295802723e-08;0.00177606077133159
ENSG00000169764.15;ENSG00000169764;UGP2;3047.25711323482;0.391969489777375;0.0729080009242133;5.37622050815549;7.60656263701461e-08;0.00188627540272688
ENSG00000203326.11;ENSG00000203326;ZNF525;153.331686213442;-0.465289929939608;0.0866304939264315;-5.37097168503671;7.83135064446655e-08;0.00194201833281481
ENSG00000168875.2;ENSG00000168875;SOX14;546.371328933593;-1.27115162805936;0.237093825023066;-5.36138648037627;8.25856143692037e-08;0.00204795806512751
ENSG00000243649.8;ENSG00000243649;CFB;76.6462260569681;2.0126318174175;0.375425472949417;5.36093569145926;8.27919892949281e-08;0.00205307575053563
ENSG00000172554.12;ENSG00000172554;SNTG2;34.3418298813893;-1.17528589863482;0.219460773298601;-5.35533471868208;8.53981790213996e-08;0.00211770404337267
ENSG00000007372.22;ENSG00000007372;PAX6;182.169461547625;-2.17917018636108;0.40791098710185;-5.34226891470557;9.17903476153395e-08;0.00227621704016519
ENSG00000146013.11;ENSG00000146013;GFRA3;35.5613708491235;-1.29311571279877;0.242136458821049;-5.34044199330778;9.27202424732574e-08;0.00229927657285184
ENSG00000157193.16;ENSG00000157193;LRP8;3285.59413608794;-0.575106954031564;0.107812577973409;-5.33432151277758;9.59024677716052e-08;0.00237818939580027
ENSG00000163347.6;ENSG00000163347;CLDN1;107.526986131073;1.02269840295639;0.191764108009028;5.33310645863012;9.65466697923736e-08;0.00239416431751128
ENSG00000224116.6;ENSG00000224116;INHBA-AS1;28.8972185854552;-0.936634724937085;0.175978448543942;-5.32243995038522;1.02384587205882e-07;0.00253893299353147
ENSG00000197415.12;ENSG00000197415;VEPH1;269.491787245993;-1.68078460182985;0.315918627240582;-5.32030863931896;1.03591359774166e-07;0.00256885853967976
ENSG00000142875.19;ENSG00000142875;PRKACB;3623.53291440943;-0.410819630118657;0.0772202120509177;-5.32010492081748;1.03707425694374e-07;0.0025717367423691
ENSG00000005020.13;ENSG00000005020;SKAP2;4845.20540916597;0.373261420987308;0.0701724289458852;5.31920337651637;1.0422258139284e-07;0.00258451157337964
ENSG00000183421.12;ENSG00000183421;RIPK4;90.4438098180073;1.1577688793874;0.218065199996925;5.30927850662888;1.10060044671203e-07;0.0027292689877565
ENSG00000274611.3;ENSG00000274611;TBC1D3;71.5798450715071;-8.1466211845366;1.53857472088752;-5.2949142306441;1.19072284365739e-07;0.0029527545077016
ENSG00000137766.17;ENSG00000137766;UNC13C;81.8698840775417;-0.87291464864837;0.164879872566236;-5.29424625978955;1.19508298326546e-07;0.00296356678190169
ENSG00000130287.14;ENSG00000130287;NCAN;6552.90460649159;-0.76543853185407;0.144613967312533;-5.29297789196142;1.20340473355425e-07;0.00298420305826783
ENSG00000129675.16;ENSG00000129675;ARHGEF6;236.960418442949;-0.817879477218962;0.154569807103179;-5.29132754026798;1.21431665160006e-07;0.00301126243263783
ENSG00000120669.16;ENSG00000120669;SOHLH2;79.7829012184842;-1.69106864546954;0.31983934848098;-5.28724390385663;1.24173025011582e-07;0.00307924267423721
ENSG00000112137.17;ENSG00000112137;PHACTR1;1656.84479996052;-0.648969492465668;0.122781356888942;-5.28557029266807;1.25313740886798e-07;0.00310753014651083
ENSG00000101220.17;ENSG00000101220;ADISSP;1077.15005009063;0.26216626266453;0.0496462526683142;5.28068582368259;1.28701218218293e-07;0.00319153280937723
ENSG00000112394.17;ENSG00000112394;SLC16A10;179.729728674007;-0.444627756702244;0.0842643134862476;-5.27658433691279;1.31613955874172e-07;0.00326376287776771
ENSG00000183783.7;ENSG00000183783;KCTD8;292.434448576843;0.550002175585353;0.104554378501182;5.26044134611859;1.43710041369651e-07;0.0035637216058846
ENSG00000165055.15;ENSG00000165055;METTL2B;1277.88278885439;-0.225099056522546;0.042802278448316;-5.25904378652072;1.44806409496825e-07;0.00359090934270227
ENSG00000108679.13;ENSG00000108679;LGALS3BP;11205.0981763551;0.535410720595744;0.102032208023488;5.24746774540538;1.54204036144817e-07;0.00382395168831917
ENSG00000162733.18;ENSG00000162733;DDR2;317.889059250008;0.76334629361918;0.145523826401541;5.24550729935383;1.55852889016013e-07;0.00386483994181908
ENSG00000126878.13;ENSG00000126878;AIF1L;431.259826365142;-1.19978154676491;0.229102123855243;-5.23688530937838;1.63309102852066e-07;0.00404973913252554
ENSG00000185658.13;ENSG00000185658;BRWD1;4163.5730744678;-0.279268203544412;0.053366634081911;-5.23301138152673;1.66770466286097e-07;0.00413557402296264
ENSG00000101489.20;ENSG00000101489;CELF4;4206.41005669877;-0.476849188940008;0.0912725432666343;-5.22445383763427;1.74669895011065e-07;0.00433146405648438
ENSG00000162595.6;ENSG00000162595;DIRAS3;162.704135362433;1.46711170163468;0.280928852141111;5.2223603608281;1.76656762694706e-07;0.00438073440130333
ENSG00000226194.5;ENSG00000226194;LINC02519;3.70035302492523;2.12589629275039;0.407233701711341;5.22033486869239;1.78599894372824e-07;0.0044289201806573
ENSG00000183090.5;ENSG00000183090;FREM3;294.840256782512;-1.19948511991689;0.230383385256814;-5.20647406313521;1.92462580990747e-07;0.00477268708340854
ENSG00000139910.20;ENSG00000139910;NOVA1;4730.98461630611;-0.576667933185567;0.11084655310319;-5.20239842414163;1.96732891295624e-07;0.00487858223834889
ENSG00000111249.14;ENSG00000111249;CUX2;851.707899659246;-0.771851571260845;0.148411469026565;-5.20075420264647;1.98481448661085e-07;0.00492194296389759
ENSG00000143995.20;ENSG00000143995;MEIS1;6182.17845303271;-0.433257525689575;0.0834177089415357;-5.19383151595818;2.0600959285842e-07;0.00510862588370311
ENSG00000066322.15;ENSG00000066322;ELOVL1;605.69022857373;0.323993912819788;0.0623914404687124;5.19292246477724;2.07018415486195e-07;0.00513364266722665
ENSG00000176927.15;ENSG00000176927;EFCAB5;32.0920301078411;-0.636221120340982;0.122524584721622;-5.19259968753609;2.07377765883824e-07;0.00514255383838706
ENSG00000165118.15;ENSG00000165118;QNG1;21.3128719503016;-1.36899159606466;0.263665585030045;-5.19215124684799;2.07878019075898e-07;0.00515495911704412
ENSG00000132622.11;ENSG00000132622;HSPA12B;63.2491545846383;-1.1604456790793;0.223789794478926;-5.18542716293783;2.15520307039494e-07;0.00534447257396538
ENSG00000123360.12;ENSG00000123360;PDE1B;536.372247270646;-0.719036599304362;0.138730598709272;-5.18297049096716;2.18379600493182e-07;0.00541537733302992
ENSG00000260641.1;ENSG00000260641;TSPAN5-DT;64.5802215604428;-0.724084168224279;0.139764667725155;-5.18073830825528;2.21009372003767e-07;0.00548059040694941
ENSG00000080709.15;ENSG00000080709;KCNN2;87.0706970691702;-0.614074956151411;0.118634843856786;-5.17617705041794;2.26478548432134e-07;0.00561621504402005
ENSG00000227012.2;ENSG00000227012;LINC02527;2.31136391494847;5.00438350135562;0.967938040690351;5.17014859524108;2.33907926928357e-07;0.0058004487719694
ENSG00000095203.14;ENSG00000095203;EPB41L4B;531.431924258833;-0.545920931882322;0.10562592673615;-5.16843684833187;2.36060024878665e-07;0.00585381649694113
ENSG00000173698.18;ENSG00000173698;ADGRG2;88.568024981577;-0.773689880203226;0.149711290515902;-5.16787930647788;2.36765116784173e-07;0.00587130136601392
ENSG00000149257.14;ENSG00000149257;SERPINH1;3722.66262804166;0.630026023282045;0.122145624898342;5.15799091294834;2.49613730897731e-07;0.00618992129880194
ENSG00000117748.10;ENSG00000117748;RPA2;1186.19324406482;0.302197626594652;0.0586364428861391;5.15375100739761;2.55326916014814e-07;0.00633159686333536
ENSG00000170390.16;ENSG00000170390;DCLK2;3134.05670499898;-0.396618261033554;0.076973924248482;-5.15263142558793;2.56856484889599e-07;0.00636952711229228
ENSG00000269994.2;ENSG00000269994;LINC02893;153.948568782189;-0.54847309985513;0.106489456863725;-5.15049203938577;2.59803959974308e-07;0.00644261859944288
ENSG00000138439.12;ENSG00000138439;FAM117B;1825.25011166131;-0.386843477526627;0.0751905964145532;-5.1448385299914;2.67751009296039e-07;0.00663968952852317
ENSG00000156687.11;ENSG00000156687;UNC5D;585.404095756671;-1.26521278452402;0.245977233884583;-5.14361741752767;2.69498083251529e-07;0.00668301346847141
ENSG00000174640.13;ENSG00000174640;SLCO2A1;263.05371436111;0.975305488262134;0.189653836601166;5.14255606815464;2.71025519796868e-07;0.00672089083992273
ENSG00000248869.6;ENSG00000248869;LINC02511;29.3080070077436;-3.90624539849081;0.759785433933445;-5.14124807350937;2.72919418906508e-07;0.0067678557500436
ENSG00000198719.9;ENSG00000198719;DLL1;1327.20293540205;-0.813189482442134;0.158250511131504;-5.13862152246944;2.76761189076148e-07;0.00686312396671031
ENSG00000185304.15;ENSG00000185304;RGPD2;123.333289740276;-4.06217213263854;0.790779973389885;-5.13691832030719;2.79280265904853e-07;0.00692559203390854
ENSG00000127152.18;ENSG00000127152;BCL11B;82.6831080498058;-1.17273751518281;0.228309846840867;-5.13660506285658;2.79745985790418e-07;0.00693714095563078
ENSG00000106976.20;ENSG00000106976;DNM1;7660.18944209553;-0.403974861016936;0.0787345965480855;-5.13084309475336;2.88447281286534e-07;0.00715291568134347
ENSG00000026559.14;ENSG00000026559;KCNG1;3835.25693045829;0.766864573779181;0.149517164610169;5.12894005031864;2.91378106981039e-07;0.00722559429691581
ENSG00000169760.17;ENSG00000169760;NLGN1;785.611777373713;-0.498634996358857;0.0973018850166533;-5.12461805106361;2.981415038048e-07;0.00739331301135144
ENSG00000135547.9;ENSG00000135547;HEY2;312.767885224624;-1.64815566248902;0.321734705360097;-5.12271643385299;3.01165093275333e-07;0.0074682919830417
ENSG00000132334.16;ENSG00000132334;PTPRE;659.137801674375;-0.747369755836023;0.146174162287166;-5.11287182455529;3.17297604769997e-07;0.00786834600308638
ENSG00000177508.12;ENSG00000177508;IRX3;390.293836356648;-1.06379499108399;0.20812509933741;-5.1113248448683;3.19907347017043e-07;0.00793306239132864
ENSG00000136842.14;ENSG00000136842;TMOD1;2320.52783489531;0.84642842143745;0.165787265318986;5.10550927906835;3.29904798531902e-07;0.00818097919399411
ENSG00000105251.10;ENSG00000105251;SHD;1256.17966953228;-0.632770772439459;0.124023841923644;-5.10200911877111;3.36066554384474e-07;0.00833377841562618
ENSG00000168476.12;ENSG00000168476;REEP4;589.452244864915;0.395210598801983;0.0775239762127898;5.09791445316477;3.43415939284326e-07;0.00851602846237272
ENSG00000198856.13;ENSG00000198856;OSTC;1574.64540310205;0.305557218722209;0.0599580044884232;5.09618726188938;3.46562327312203e-07;0.00859405259268801
ENSG00000068078.18;ENSG00000068078;FGFR3;5715.02247030845;-0.834964044876729;0.163889300730553;-5.09468306445138;3.49325145661875e-07;0.00866256496212318
ENSG00000168539.4;ENSG00000168539;CHRM1;5.60002861262233;2.40808252443036;0.472806581683324;5.09316624962562;3.52132661412965e-07;0.00873218573771871
ENSG00000133124.11;ENSG00000133124;IRS4;25.1194184926792;-1.21658909341768;0.239005263059992;-5.09021884221982;3.57650508009174e-07;0.0088690172976115
ENSG00000120708.17;ENSG00000120708;TGFBI;1101.93813915677;1.67502410181114;0.329094298913168;5.08979981525932;3.58441713062293e-07;0.00888863760051874
ENSG00000134882.15;ENSG00000134882;UBAC2;2189.09356175954;0.285666039504714;0.0562494135934557;5.07856031299052;3.80305705326153e-07;0.00943082088067794
ENSG00000230314.6;ENSG00000230314;ELOVL2-AS1;14.8761442928556;-1.04149129223331;0.205283429701413;-5.07343088406197;3.90706425284645e-07;0.00968873793420864
ENSG00000172340.14;ENSG00000172340;SUCLG2;494.8971262993;0.606544785338856;0.119567090130913;5.07284056737314;3.91920849895562e-07;0.00971885323571015
ENSG00000198576.4;ENSG00000198576;ARC;197.862657458416;-0.703962262564405;0.139110287628614;-5.06046155582532;4.18242785750917e-07;0.0103715846010512
ENSG00000175206.10;ENSG00000175206;NPPA;32.9125392998907;-1.37906437994205;0.272709959201424;-5.0568904193318;4.26147938463186e-07;0.0105676165780101
ENSG00000249487.6;ENSG00000249487;LINC01586;24.797464663534;-0.859694687948964;0.170042164049149;-5.05577362389058;4.28649554897394e-07;0.0106296516623456
ENSG00000273274.2;ENSG00000273274;ZBTB8B;633.939956390761;-0.355098021759262;0.0702604797106163;-5.05402216469079;4.32601371021791e-07;0.0107276487985984
ENSG00000147588.7;ENSG00000147588;PMP2;16.49145229294;-2.55534698256654;0.506032757646276;-5.04976593699645;4.42351731087912e-07;0.010969438227518
ENSG00000119403.15;ENSG00000119403;PHF19;661.684563618699;0.432572216523384;0.0856670484726958;5.04945862190239;4.43063889803405e-07;0.0109870983393448
ENSG00000100987.14;ENSG00000100987;VSX1;13.8554938409769;-2.46236865478698;0.487871314157314;-5.04716834815377;4.48406217127543e-07;0.0111195773723288
ENSG00000224982.4;ENSG00000224982;TMEM233;31.8147583091458;0.79412887518586;0.157645417608126;5.03743709924953;4.71806531141678e-07;0.0116998583592513
ENSG00000206418.4;ENSG00000206418;RAB12;511.448897803058;-0.978797775090508;0.194314274719365;-5.03718924666817;4.72417649960186e-07;0.0117150128837127
ENSG00000146938.16;ENSG00000146938;NLGN4X;1848.84346205738;-0.409098114922969;0.0812273731565185;-5.03645629576953;4.7422932412424e-07;0.0117599387796329
ENSG00000149328.14;ENSG00000149328;GLB1L2;1028.16570414914;0.373201933556915;0.0741094806018816;5.03581904131493;4.75809904433404e-07;0.0117991340101395
ENSG00000130702.15;ENSG00000130702;LAMA5;6753.13258203349;0.580523734944926;0.115419067905044;5.02970389106355;4.912378801162e-07;0.0121817169511215
ENSG00000119408.16;ENSG00000119408;NEK6;970.34426111931;0.570412311233719;0.113492807343084;5.02597763318505;5.00874268288379e-07;0.0124206801050152
ENSG00000185736.16;ENSG00000185736;ADARB2;206.160141334178;-0.811854043884288;0.161560093561921;-5.0250902062837;5.03195958097029e-07;0.0124782533688901
ENSG00000184584.13;ENSG00000184584;STING1;74.8461638312119;1.68442104045122;0.335247529082916;5.02441000850633;5.04982516658334e-07;0.0125225564480934
ENSG00000164099.3;ENSG00000164099;PRSS12;263.183037927356;-0.563694563110812;0.112227531274659;-5.02278323962469;5.0928011406287e-07;0.0126291282685311
ENSG00000146592.17;ENSG00000146592;CREB5;1957.21656444921;0.592950105844605;0.118062464140731;5.02234228431659;5.10451092068383e-07;0.0126581661811118
ENSG00000132975.8;ENSG00000132975;GPR12;295.187728098086;-0.79922500072234;0.159187097700321;-5.02066443994682;5.14930468709295e-07;0.0127692457630531
ENSG00000082497.12;ENSG00000082497;SERTAD4;89.1713378451658;-0.925168058690636;0.184456380159864;-5.01564683145585;5.28553406908435e-07;0.0131070673845154
ENSG00000169071.15;ENSG00000169071;ROR2;751.255533412575;0.907212106666013;0.180972526441404;5.01298249245449;5.35927748180566e-07;0.0132899362993817
ENSG00000153707.17;ENSG00000153707;PTPRD;2863.76809665248;-0.713417658201711;0.142534256732067;-5.00523645724536;5.57934992677027e-07;0.0138356719484049
ENSG00000068001.14;ENSG00000068001;HYAL2;3887.80640408622;0.265848695972227;0.0531288753253912;5.00384573066943;5.61977364843668e-07;0.0139359146933933
ENSG00000141219.15;ENSG00000141219;MTNAP1;1578.16592147653;0.250729615695967;0.0501351254629752;5.00107685740471;5.70109779250382e-07;0.014137582305851
ENSG00000124813.22;ENSG00000124813;RUNX2;108.317641266494;0.839393621482261;0.168037270961714;4.99528239585318;5.87497348183566e-07;0.0145687592402561
ENSG00000102265.12;ENSG00000102265;TIMP1;1690.322309116;0.700214287874843;0.140247078795864;4.99271923441656;5.95350736887477e-07;0.0147635075733357
ENSG00000171033.13;ENSG00000171033;PKIA;8499.82259164069;-0.529791110083087;0.106119485685303;-4.99240178805788;5.96330389401849e-07;0.014787800996387
ENSG00000135298.14;ENSG00000135298;ADGRB3;1523.43005856711;-0.493542350321383;0.0988613179934655;-4.99226957862331;5.96738851336178e-07;0.0147979300354345
ENSG00000169919.17;ENSG00000169919;GUSB;1925.09403977546;0.292489560345801;0.0586002080126892;4.99127170815616;5.9983049016621e-07;0.0148745964951417
ENSG00000112175.8;ENSG00000112175;BMP5;54.3269828116834;2.17969229242858;0.43754769547656;4.98161072487091;6.30571864354809e-07;0.0156369210922706
ENSG00000197921.6;ENSG00000197921;HES5;345.990237603076;-1.83845030233937;0.36911281139023;-4.98072742426634;6.33457102965597e-07;0.0157084692393409
ENSG00000188219.14;ENSG00000188219;POTEE;36.2800539254037;-2.27635621541783;0.457764747699011;-4.97276434426222;6.60048774430475e-07;0.0163678895083269
ENSG00000111962.8;ENSG00000111962;UST;508.672052246335;-0.562824004687363;0.113200669392024;-4.97191410360175;6.62950789657088e-07;0.0164398536819165
ENSG00000141314.13;ENSG00000141314;RHBDL3;1263.4289334204;-0.777685865357142;0.156735535899842;-4.96177118285481;6.98532570843985e-07;0.0173222106917891
ENSG00000163394.5;ENSG00000163394;CCKAR;6.58198706998569;2.34886559491342;0.473492797159038;4.96072085786023;7.02320573545219e-07;0.0174161455827743
ENSG00000168505.7;ENSG00000168505;GBX2;270.495423874091;-1.02480264070394;0.206654375357082;-4.95901738800918;7.08506262928857e-07;0.0175695383081098
ENSG00000162981.14;ENSG00000162981;LRATD1;2263.9570322409;-0.469030621382954;0.0945951963667891;-4.95829216913199;7.11155599731677e-07;0.0176352365621461
ENSG00000166482.11;ENSG00000166482;MFAP4;833.34208517735;1.53670700354487;0.309996065120421;4.95718228858136;7.15228655813935e-07;0.017736240206874
ENSG00000188517.16;ENSG00000188517;COL25A1;73.0435906646486;-0.763366744551172;0.154007783980415;-4.95667637583987;7.17092710739287e-07;0.0177824650409128
ENSG00000159214.13;ENSG00000159214;CCDC24;551.120738333017;0.287812533928037;0.0580855883062409;4.95497320971635;7.23402556982397e-07;0.0179389366080495
ENSG00000036672.16;ENSG00000036672;USP2;375.31930894037;0.50697762046432;0.102403683398005;4.95077524207688;7.39184326530629e-07;0.0183302929293065
ENSG00000118495.19;ENSG00000118495;PLAGL1;987.10201102271;0.494062960459131;0.0998314492992306;4.94897113011199;7.46068111198691e-07;0.0185009970215051
ENSG00000088298.13;ENSG00000088298;EDEM2;882.507224921987;0.425021945593517;0.0858814714657995;4.94893646253806;7.46200991953882e-07;0.0185042921984724
ENSG00000117122.13;ENSG00000117122;MFAP2;2895.80214648234;0.520512075651919;0.105238275966844;4.94603385384144;7.57407925294042e-07;0.0187822017314416
ENSG00000011465.17;ENSG00000011465;DCN;1294.29252888978;1.12366245097289;0.22744986498695;4.94026431291731;7.8016742876554e-07;0.0193465918985279
ENSG00000196092.13;ENSG00000196092;PAX5;62.6458900083588;-1.5486886631688;0.313487367722724;-4.94019479770104;7.80445626141787e-07;0.019353490637064
ENSG00000244509.4;ENSG00000244509;APOBEC3C;153.952856923169;0.773575252707521;0.156635329270971;4.93870224749409;7.86441860880407e-07;0.0195021852661123
ENSG00000196781.15;ENSG00000196781;TLE1;2850.06396369687;0.278676959321578;0.0564347794785861;4.93803576263322;7.8913373478287e-07;0.0195689383551456
ENSG00000144802.11;ENSG00000144802;NFKBIZ;149.509471125351;1.3506189913339;0.273620157340925;4.93610925620168;7.96964721831907e-07;0.0197631311719876
ENSG00000255248.8;ENSG00000255248;MIR100HG;1996.78159067382;-0.58218952452732;0.117986726069385;-4.9343646011921;8.04121051477495e-07;0.0199405938345389
ENSG00000196268.11;ENSG00000196268;ZNF493;627.536351244073;-0.380333116912781;0.0770827602876513;-4.93408792696946;8.05261601145052e-07;0.019968877185195
ENSG00000109881.17;ENSG00000109881;CCDC34;611.777892447209;0.279268411498768;0.0566021138601297;4.93388660693613;8.0609249322354e-07;0.0199894816469574
ENSG00000134640.2;ENSG00000134640;MTNR1B;4.37550471530596;-2.30779449524465;0.46785061919094;-4.93275930517213;8.10760395150546e-07;0.0201052362789432
ENSG00000237440.9;ENSG00000237440;ZNF737;457.437149108858;-0.272345165698677;0.05524396026571;-4.9298631812195;8.22872257607817e-07;0.0204055862441586
ENSG00000064201.15;ENSG00000064201;TSPAN32;22.2431631574398;1.27424279445789;0.258873417467733;4.92226203417241;8.55495597207227e-07;0.0212145798195448
ENSG00000147488.11;ENSG00000147488;ST18;223.253654090968;-0.895007497516939;0.18199673037275;-4.91771195935147;8.75616251747809e-07;0.0217135318108422
ENSG00000187244.11;ENSG00000187244;BCAM;1445.56221177875;0.636461041028452;0.12953818813483;4.91330819268515;8.95523392576212e-07;0.0222071890891049
ENSG00000154134.15;ENSG00000154134;ROBO3;2216.09013291695;-0.974508889323833;0.198784545378594;-4.90233728918833;9.47030488644235e-07;0.0234844620573997
ENSG00000258498.8;ENSG00000258498;DIO3OS;144.700649922193;-1.84465926538713;0.376368922717111;-4.90119973793274;9.52531495264263e-07;0.0236208760195632
ENSG00000163064.6;ENSG00000163064;EN1;58.2969142512244;1.74816388614684;0.356769958832457;4.89997501994779;9.58488411371889e-07;0.0237685956252001
ENSG00000130600.18;ENSG00000130600;H19;9871.27188864395;1.93325457427524;0.39460125655057;4.89926106970591;9.61977530107456e-07;0.0238551187916047
ENSG00000109113.20;ENSG00000109113;RAB34;1084.21936055246;0.613724878851035;0.125351431563758;4.89603406355094;9.77901223591183e-07;0.0242499945426142
ENSG00000162494.6;ENSG00000162494;LRRC38;11.7253810433619;-1.8931627346712;0.38681469600155;-4.89423683805336;9.86879346590462e-07;0.0244726340367503
ENSG00000203772.7;ENSG00000203772;SPRN;358.796350565649;-0.453321438592145;0.0926601668342352;-4.8923011265792;9.96638025821675e-07;0.0247146297643259
ENSG00000087077.14;ENSG00000087077;TRIP6;711.308147810826;0.50018512142287;0.102240344344275;4.89224801257114;9.96907099348106e-07;0.0247213022496343
ENSG00000182287.14;ENSG00000182287;AP1S2;1792.29892433692;-0.312745151774777;0.0639830905092258;-4.88793444151752;1.01899449198362e-06;0.0252690254122097
ENSG00000137801.10;ENSG00000137801;THBS1;443.32093265458;1.1559146500507;0.236498415410198;4.88762112019145;1.02061705574538e-06;0.0253092617483739
ENSG00000134531.10;ENSG00000134531;EMP1;1511.43784232482;0.58416385576896;0.119535685357847;4.8869411173758;1.02414707363595e-06;0.0253967991320242
ENSG00000137573.14;ENSG00000137573;SULF1;48186.2466526066;0.730128421253732;0.149591068667358;4.88082896765248;1.05640832206247e-06;0.0261968135705051
ENSG00000163694.15;ENSG00000163694;RBM47;159.826833906458;0.730237590088406;0.149716047919851;4.87748374495787;1.07447699625463e-06;0.0266448805531224
ENSG00000022567.9;ENSG00000022567;SLC45A4;579.247233849731;-0.483328738320653;0.0992531450817945;-4.86965665342234;1.1179232673618e-06;0.0277222611840378
ENSG00000167543.16;ENSG00000167543;TP53I13;2083.23014471281;0.369283737234842;0.0759717902810583;4.86080077708678;1.1691186472456e-06;0.0289918042143964
ENSG00000160588.10;ENSG00000160588;MPZL3;65.5453675987004;-0.484609688815753;0.0997269901484502;-4.85936342904142;1.17763784272253e-06;0.0292030632238333
ENSG00000007174.18;ENSG00000007174;DNAH9;1796.81897795323;1.37073058221135;0.282171371437762;4.85779466296314;1.18700412007674e-06;0.029435328169663
ENSG00000176842.14;ENSG00000176842;IRX5;396.47775235203;-1.01472185464965;0.209082518672125;-4.85321231585554;1.21477514546932e-06;0.0301239940573483
ENSG00000258405.10;ENSG00000258405;ZNF578;72.4853904873304;1.11418782833602;0.229711743641836;4.85037382360933;1.23229004268714e-06;0.0305583284785556
ENSG00000185052.11;ENSG00000185052;SLC24A3;1954.7592877944;-0.644575331550844;0.13293069556371;-4.84895778824776;1.24111825766555e-06;0.0307772505535904
ENSG00000168389.17;ENSG00000168389;MFSD2A;487.58381879472;-0.652711090336553;0.134634280142698;-4.84803045438908;1.24693261790511e-06;0.0309214350588109
ENSG00000109956.13;ENSG00000109956;B3GAT1;1261.9449418894;-0.555898263387923;0.114723731143414;-4.8455385633597;1.26268681573357e-06;0.0313121076565611
ENSG00000125675.18;ENSG00000125675;GRIA3;582.312062798745;-0.628142333553066;0.12963653764647;-4.84541121628892;1.26349704881923e-06;0.0313321998166194
ENSG00000153253.17;ENSG00000153253;SCN3A;1940.42346798371;-0.475922403775546;0.0982282453882608;-4.84506673100386;1.2656913092524e-06;0.031386613086841
ENSG00000225988.1;ENSG00000225988;LAMP5-AS1;30.7553862065033;-1.29512964469026;0.267368689425489;-4.84398396638433;1.2726120650232e-06;0.0315582339884453
ENSG00000243709.1;ENSG00000243709;LEFTY1;35.4239321166583;-0.66376389371894;0.137067433163573;-4.84260833079744;1.28145729257528e-06;0.0317775779412818
ENSG00000166411.14;ENSG00000166411;IDH3A;1317.08819573979;-0.244323832026733;0.0504584936682899;-4.84207542208648;1.2848997201172e-06;0.0318629432594663
ENSG00000126453.9;ENSG00000126453;BCL2L12;176.537840667246;0.466292647472382;0.0964451350346925;4.83479697866202;1.33281590150016e-06;0.033051168725401
ENSG00000168309.18;ENSG00000168309;FAM107A;21.0719361493086;-1.79153965716844;0.371128545803109;-4.82727528622625;1.38413730969343e-06;0.0343238370057777
ENSG00000106688.12;ENSG00000106688;SLC1A1;861.57133334941;-0.594090806594879;0.12310006130962;-4.82608050942092;1.39246236901035e-06;0.0345302818267187
ENSG00000112655.16;ENSG00000112655;PTK7;4909.08287681827;0.260312674561213;0.0539500099388319;4.82507185552613;1.39952801232175e-06;0.0347054956495548
ENSG00000187546.14;ENSG00000187546;AGMO;4.85271860552317;-1.8393745767016;0.381241241262813;-4.82469989502948;1.40214229528082e-06;0.0347703246383738
ENSG00000145321.13;ENSG00000145321;GC;123.052588402741;-1.55972070726885;0.32344709864692;-4.82218178426593;1.41996446628958e-06;0.0352122788350491
ENSG00000125844.15;ENSG00000125844;RRBP1;1788.70295920764;0.441914412554241;0.0916878186853244;4.81977234152451;1.43722133340825e-06;0.0356402146258579
ENSG00000110237.4;ENSG00000110237;ARHGEF17;3053.17974719911;0.268159111720413;0.0556638279051937;4.81747522245758;1.45386138061849e-06;0.0360528545165773
ENSG00000118200.14;ENSG00000118200;CAMSAP2;2687.41247645496;-0.324698593915628;0.0674673962517185;-4.81267415010635;1.4892400010294e-06;0.0369301735455272
ENSG00000100647.8;ENSG00000100647;SUSD6;2023.055705263;0.613112390823594;0.127576124781779;4.80585526384608;1.54091348255035e-06;0.0382115725402836
ENSG00000169047.5;ENSG00000169047;IRS1;3779.17273564331;0.46041377757749;0.0958210422396774;4.80493393534434;1.5480261172012e-06;0.0383879516543554
ENSG00000120306.11;ENSG00000120306;CYSTM1;889.537306468659;0.392048542841564;0.0816025545218606;4.80436605371879;1.55242586151793e-06;0.0384970565139217
ENSG00000145996.11;ENSG00000145996;CDKAL1;753.950215879136;-0.469900545988177;0.0979022867218416;-4.79968917705928;1.58912066707294e-06;0.0394070143020748
ENSG00000025772.8;ENSG00000025772;TOMM34;1276.48244142162;0.259733250141207;0.054123597906254;4.7988910602559;1.59546541039324e-06;0.0395643512469315
ENSG00000124749.17;ENSG00000124749;COL21A1;1272.83364397555;1.09824000075948;0.228857648975564;4.79879088890206;1.59626345470369e-06;0.039584141149742
ENSG00000154822.18;ENSG00000154822;PLCL2;716.869020021317;-0.379669550123561;0.0791260509417528;-4.7982876133051;1.600278756907e-06;0.0396837126137798
ENSG00000182179.13;ENSG00000182179;UBA7;380.523869144813;0.731890855836772;0.152568232951338;4.79713792103898;1.60948784499111e-06;0.0399120795800894
ENSG00000122877.16;ENSG00000122877;EGR2;30.7772062460719;1.55617167362565;0.324455404828232;4.79625751480237;1.61657435920963e-06;0.0400878109596805
ENSG00000091656.17;ENSG00000091656;ZFHX4;2595.13404392441;-0.457088777175666;0.0953484346581085;-4.79387814613478;1.63587661232016e-06;0.0405664682323154
ENSG00000165171.11;ENSG00000165171;METTL27;14.8736051354273;1.21992208815011;0.254951287936847;4.78492224150792;1.7105354170201e-06;0.0424178572712645
ENSG00000142675.18;ENSG00000142675;CNKSR1;121.860896234257;-0.537416929236694;0.112439972415388;-4.7795896574157;1.75653328631521e-06;0.0435585124340446
ENSG00000137312.15;ENSG00000137312;FLOT1;6399.12948664328;0.198864226316487;0.0416094330774829;4.77930631609837;1.75901030256205e-06;0.0436199374829337
ENSG00000127399.15;ENSG00000127399;LRRC61;126.326713594847;-2.86894957099283;0.600481189165778;-4.77775094833284;1.77266748384461e-06;0.0439586082643785
ENSG00000232593.7;ENSG00000232593;KANTR;694.475819379932;-0.33913583289332;0.0709995115244711;-4.77659388933164;1.78289328145559e-06;0.0442121875935356
ENSG00000242715.7;ENSG00000242715;CCDC169;153.829602880811;-0.911822024962543;0.191110744278478;-4.77117091665906;1.831580348718e-06;0.0454195294875089
ENSG00000089250.19;ENSG00000089250;NOS1;54.5526562549737;-0.708861014153003;0.148628190018696;-4.76935777838534;1.84814167788562e-06;0.0458302173282075
ENSG00000089199.10;ENSG00000089199;CHGB;5066.48599296598;-0.470112360926592;0.0985948699618822;-4.76812192265522;1.85951242866214e-06;0.0461121892059637
ENSG00000163017.13;ENSG00000163017;ACTG2;467.437707298414;2.07763352425176;0.435908979225609;4.76620951452451;1.87724053433188e-06;0.0465518107703619
ENSG00000264343.6;ENSG00000264343;NOTCH2NLA;502.926464768429;0.489570901257736;0.102717986811694;4.76616526913861;1.87765260677739e-06;0.0465620293428657
ENSG00000122254.7;ENSG00000122254;HS3ST2;654.032904084651;-1.01589605663478;0.213317186678646;-4.76237321733101;1.91329403735525e-06;0.0474458655383355
ENSG00000114251.14;ENSG00000114251;WNT5A;2070.83180913926;0.689847771461646;0.145018784769456;4.75695457356324;1.96535373309853e-06;0.0487368418733773
ENSG00000171388.12;ENSG00000171388;APLN;51.1159524472957;-0.727015460790967;0.152859626835469;-4.75609862356588;1.9737007473912e-06;0.048943831133807
ENSG00000215475.5;ENSG00000215475;SIAH3;548.968479010665;-0.807079701388581;0.16975192856653;-4.75446557929543;1.98972035741562e-06;0.0493410854231926
ENSG00000246022.2;ENSG00000246022;ALDH1L1-AS2;3.71002014144764;-2.31680938862312;0.487326120492401;-4.75412519706964;1.99307508607698e-06;0.049424275984537
ENSG00000168306.13;ENSG00000168306;ACOX2;56.2033006317432;1.1653350359352;0.245336350082926;4.74994853205123;2.03468426527312e-06;0.0504561004102427
ENSG00000167081.17;ENSG00000167081;PBX3;8677.46575926912;-0.537611121817341;0.113204028701269;-4.74904584214074;2.0437861544001e-06;0.0506818090568136
ENSG00000063244.12;ENSG00000063244;U2AF2;2777.46826109718;0.236778155583364;0.0498907784703168;4.74593026693776;2.0755021229458e-06;0.05146830164481
ENSG00000164694.17;ENSG00000164694;FNDC1;26.6261864761472;1.09794579094196;0.231773430517429;4.73715122777802;2.16743427500202e-06;0.0537480351515
ENSG00000154478.3;ENSG00000154478;GPR26;84.7793123678867;-0.903004063165771;0.190770599068585;-4.73345508990685;2.20729820291647e-06;0.0547365808359225
ENSG00000141905.19;ENSG00000141905;NFIC;925.869519930573;0.492655325325511;0.104104253329478;4.73232658195352;2.2196091500011e-06;0.0550418677017272
ENSG00000110651.11;ENSG00000110651;CD81;8984.78952016886;0.523496802093427;0.11065717424999;4.73079857353644;2.23638338824662e-06;0.0554578352617397
ENSG00000111305.19;ENSG00000111305;GSG1;30.3095053151532;-0.73935729762647;0.156321541280289;-4.72972113485487;2.24828445130124e-06;0.0557529578233683
ENSG00000104413.17;ENSG00000104413;ESRP1;10.076030011227;-1.39977278625657;0.296306539232082;-4.72406984295476;2.31170965388974e-06;0.0573257759971578
ENSG00000136859.10;ENSG00000136859;ANGPTL2;324.075129620437;0.90152926852171;0.190889924524753;4.72277031260917;2.3265355444683e-06;0.0576934284317249
ENSG00000125869.10;ENSG00000125869;LAMP5;2277.44753644849;-0.987365398176875;0.20906588554596;-4.72274754725499;2.32679607839184e-06;0.0576998891519608
ENSG00000179241.13;ENSG00000179241;LDLRAD3;3908.76496760829;0.435018763142856;0.0921511279715628;4.72071012822654;2.3502267309755e-06;0.0582809224747306
ENSG00000179915.23;ENSG00000179915;NRXN1;4928.27175591774;-0.52711320510717;0.111691700491583;-4.71935875975755;2.36589246855692e-06;0.0586694014352746
ENSG00000186007.10;ENSG00000186007;LEMD1;159.757901867379;-0.738557555080467;0.156505650284522;-4.71904722760996;2.36951809867901e-06;0.0587593098110422
ENSG00000118997.14;ENSG00000118997;DNAH7;696.339659844408;0.633813948966228;0.134353564290259;4.7175075132129;2.38751586354896e-06;0.0592056183842872
ENSG00000107796.13;ENSG00000107796;ACTA2;781.84802492937;1.13967659412283;0.241620392984201;4.71680630946311;2.39575568107968e-06;0.0594099493794139
ENSG00000128595.17;ENSG00000128595;CALU;7704.60431221592;0.405115588918054;0.0859556206242908;4.71307851628227;2.4400212406309e-06;0.0605076467251649
ENSG00000183632.14;ENSG00000183632;TP53TG3;11.0125765068825;7.59902824504874;1.61597949859291;4.70242862094815;2.57085106766325e-06;0.0637519647759133
ENSG00000149972.11;ENSG00000149972;CNTN5;411.494190969653;-0.924676244292495;0.196661162403267;-4.70187521009554;2.5778303671757e-06;0.0639250374452231
ENSG00000107105.15;ENSG00000107105;ELAVL2;3374.17555212262;-0.534883767090515;0.113976688172507;-4.69292252360373;2.69329510135201e-06;0.0667883319233272
ENSG00000148943.12;ENSG00000148943;LIN7C;3011.18299404646;-0.37880106013711;0.0807817056335755;-4.68919363816538;2.74283744816788e-06;0.0680168830396671
ENSG00000139737.22;ENSG00000139737;SLAIN1;1378.01871444981;-0.27989504911639;0.0597427303894605;-4.68500597966925;2.7995175926464e-06;0.0694224372624454
ENSG00000125611.15;ENSG00000125611;CHCHD5;718.687096006063;0.301507816127219;0.0643998214440499;4.6818113678959;2.84351080134059e-06;0.070513380851644
ENSG00000112559.14;ENSG00000112559;MDFI;1218.48277668605;0.655670530706984;0.140081801780051;4.68062605117319;2.86000198874965e-06;0.0709223293170139
ENSG00000204623.9;ENSG00000204623;POLR1HASP;308.214193875179;-0.331515706275353;0.0708706444073612;-4.67775775213522;2.90028891985322e-06;0.07192136463452
ENSG00000101115.13;ENSG00000101115;SALL4;674.387828420685;0.536996013506962;0.114817470045189;4.67695389295389;2.91167691620845e-06;0.0722037641681372
ENSG00000006071.13;ENSG00000006071;ABCC8;1187.56270904477;0.414133520814275;0.0885587486015328;4.67637051509903;2.91996828140047e-06;0.0724093734421688
ENSG00000102678.6;ENSG00000102678;FGF9;333.085364288038;-0.539564737260394;0.115475034284369;-4.67256615773466;2.97459656426212e-06;0.073764045600572
ENSG00000147432.6;ENSG00000147432;CHRNB3;20.1587496148694;1.55389287369456;0.333025878956151;4.66598235117686;3.07146065081526e-06;0.0761660812189169
ENSG00000260903.3;ENSG00000260903;XKR7;652.937902548066;-0.678096360967924;0.145341232774777;-4.66554705792754;3.07797041929321e-06;0.076327510457633
ENSG00000178882.14;ENSG00000178882;RFLNA;1109.37576821983;0.462586697523474;0.0991548686645719;4.66529484385023;3.08174831021565e-06;0.0764211945967278
ENSG00000115252.18;ENSG00000115252;PDE1A;196.065146429856;-0.990176837568542;0.212430493953685;-4.661180318982;3.14401115355821e-06;0.0779651885859365
ENSG00000122756.15;ENSG00000122756;CNTFR;2420.1209604701;-0.555017433010251;0.11909720578797;-4.66020532839665;3.1589410214591e-06;0.0783354194501428
ENSG00000026103.22;ENSG00000026103;FAS;415.001261602245;0.676906502409969;0.14526759680654;4.65972121306197;3.16637944145005e-06;0.0785198773890784
ENSG00000187627.15;ENSG00000187627;RGPD1;32.1738601592105;-2.8624499395511;0.614591866779759;-4.65748099555777;3.20101962460533e-06;0.0793788846509629
ENSG00000109705.7;ENSG00000109705;NKX3-2;13.4748462363676;1.61644837735944;0.347229282104705;4.65527667356123;3.2354593754187e-06;0.0802329215916328
ENSG00000140067.6;ENSG00000140067;FAM181A;320.948766204388;-1.11648116186196;0.240278974909806;-4.64660365011568;3.37444619807721e-06;0.0836795168199187
ENSG00000179933.6;ENSG00000179933;C14orf119;1209.24403704106;0.248550188767546;0.0534937873334273;4.64633747501051;3.37880097778403e-06;0.0837875066470884
ENSG00000114993.16;ENSG00000114993;RTKN;551.568015997532;0.361200487170412;0.0777564290999397;4.6452813143742;3.39613355813243e-06;0.084217319974568
ENSG00000120457.12;ENSG00000120457;KCNJ5;63.1736382118759;-0.917992487372512;0.198072571527294;-4.63462699703485;3.57581656251811e-06;0.088673099117324
ENSG00000149260.17;ENSG00000149260;CAPN5;2171.85055105852;-0.363644565824;0.0784861349118942;-4.63323319758598;3.59998627318178e-06;0.0892724596023617
ENSG00000164796.18;ENSG00000164796;CSMD3;391.855536388627;-0.631255995133316;0.136348972643552;-4.62970848180549;3.66180884424903e-06;0.0908055357196875
ENSG00000151694.13;ENSG00000151694;ADAM17;1726.4142344383;-0.29281877008888;0.0632846651595129;-4.62700986646311;3.70982847421622e-06;0.0919963265036139
ENSG00000154928.18;ENSG00000154928;EPHB1;2059.94838957195;-0.64624277587083;0.139686972986664;-4.62636394828691;3.72141127428627e-06;0.0922835567797508
ENSG00000120075.5;ENSG00000120075;HOXB5;9382.10711040214;-0.360784092476031;0.0779854171039709;-4.62630201740192;3.72252365721901e-06;0.0923111416517169
ENSG00000168724.16;ENSG00000168724;DNAJC21;887.230608833144;0.186060735201831;0.0402180748999827;4.62629640191733;3.72262453653435e-06;0.0923136432569787
ENSG00000090776.6;ENSG00000090776;EFNB1;2435.75117933652;0.446967294813264;0.096801022263713;4.61738196933086;3.88611579055937e-06;0.0963678993742911
ENSG00000183307.3;ENSG00000183307;TMEM121B;856.321746181306;-0.554804333905573;0.120193542454522;-4.61592463767757;3.91348953356156e-06;0.0970467134532597
ENSG00000156804.7;ENSG00000156804;FBXO32;309.953500539011;1.16072115851961;0.251511701924995;4.61497874506752;3.93135548180048e-06;0.0974897532376883
ENSG00000139679.15;ENSG00000139679;LPAR6;189.814553696496;0.681404228341106;0.147804384315026;4.61017602081937;4.02328176110772e-06;0.0997693411119494
ENSG00000149090.11;ENSG00000149090;PAMR1;573.127859455969;1.86936495220806;0.405595123274155;4.60894336479607;4.04720550457453e-06;0.100362602102439
ENSG00000188580.14;ENSG00000188580;NKAIN2;240.4463263634;-0.523760614128982;0.113643828879841;-4.60879063378594;4.05017922758843e-06;0.100436344485738
ENSG00000278535.5;ENSG00000278535;DHRS11;716.233252090954;-0.408741753984221;0.088831761533266;-4.60130190969087;4.19858337444429e-06;0.104116470519469
ENSG00000162039.15;ENSG00000162039;MEIOB;4.39627044766931;-1.96792127691794;0.428170286932191;-4.59611826644477;4.30434446251895e-06;0.106739133981545
ENSG00000243156.8;ENSG00000243156;MICAL3;2017.30463364828;-0.401928157157838;0.0874582711546239;-4.59565632674398;4.31389224043576e-06;0.106975899778326
ENSG00000122870.11;ENSG00000122870;BICC1;410.361471134044;0.61893727389493;0.134767010603743;4.59264675473731;4.37659531495683e-06;0.1085308106203
ENSG00000104375.17;ENSG00000104375;STK3;414.635031028292;0.485600486877164;0.105764250539413;4.59134806326836;4.40392183634274e-06;0.109208453697627
ENSG00000145428.14;ENSG00000145428;RNF175;363.561065152089;-0.628915618288409;0.137032221090978;-4.58954553375343;4.4421209373767e-06;0.110155715005067
ENSG00000255571.8;ENSG00000255571;MIR9-3HG;1529.53319339474;-0.887471994769908;0.193383131166429;-4.58919032604831;4.44968582685116e-06;0.110343309134255
ENSG00000185737.13;ENSG00000185737;NRG3;844.152305390015;-0.501391212496997;0.109278319550509;-4.58820390503216;4.47075850628503e-06;0.110865869438856
ENSG00000102393.10;ENSG00000102393;GLA;670.272153136097;0.243344772999493;0.0530430916065386;4.5876808011978;4.48197221046229e-06;0.111143946875044
ENSG00000183023.18;ENSG00000183023;SLC8A1;2334.1620885159;-0.364962712781716;0.079584823448913;-4.58583303908429;4.52179852137988e-06;0.112131559733178
ENSG00000172687.13;ENSG00000172687;ZNF738;1064.14834491407;-0.411396116846295;0.0897470231225447;-4.5839527878775;4.56267300635229e-06;0.113145165211524
ENSG00000072657.8;ENSG00000072657;TRHDE;76.1974875938304;-0.795656685608571;0.173574988507633;-4.58393627128819;4.5630336213023e-06;0.113154107741054
ENSG00000137502.10;ENSG00000137502;RAB30;606.431443604102;-0.415577422156086;0.0907346771588841;-4.58013887489095;4.64667285660934e-06;0.115228193498199
ENSG00000101958.14;ENSG00000101958;GLRA2;1535.35225064775;-0.610617105438088;0.133353069519994;-4.57895050812111;4.67314744890834e-06;0.115884710438029
ENSG00000067113.17;ENSG00000067113;PLPP1;813.21043860459;0.321297500923461;0.0701984881180363;4.57698605108433;4.71722900738658e-06;0.116977844925172
ENSG00000077943.8;ENSG00000077943;ITGA8;68.3681307677242;-0.946759831550253;0.206915385681096;-4.57558933297222;4.74881272066827e-06;0.117761057847132
ENSG00000127922.9;ENSG00000127922;SEM1;1430.77484019302;0.194342360472114;0.0424909954840414;4.57373046355444;4.7911612606306e-06;0.118811216941118
ENSG00000180660.7;ENSG00000180660;MAB21L1;26.8035996771217;-1.91221864241109;0.41811717460181;-4.57340372165333;4.79864233643427e-06;0.118996732658897
ENSG00000122012.14;ENSG00000122012;SV2C;1542.20635676369;-0.743789572633213;0.162643358994059;-4.57313214159812;4.8048689409266e-06;0.119151139997098
ENSG00000274461.1;ENSG00000274461;LINC02930;16.5968111213353;-0.79995836241568;0.175214259804073;-4.56560078677503;4.98065825411098e-06;0.123510363385444
ENSG00000178568.15;ENSG00000178568;ERBB4;544.590897337412;-0.670909328092158;0.147035945082205;-4.56289329603768;5.04534601484658e-06;0.125114490476166
ENSG00000122644.13;ENSG00000122644;ARL4A;905.274138936342;0.461273926356362;0.101117225055328;4.56177398167295;5.07232322515951e-06;0.125783471337505
ENSG00000121753.12;ENSG00000121753;ADGRB2;2953.45581107707;-0.372936192562737;0.0817802166277045;-4.56022505125522;5.10988276977124e-06;0.126714872924787
ENSG00000231852.8;ENSG00000231852;CYP21A2;81.3694267604161;0.974405803349387;0.213761638852227;4.55837543434531;5.15508250440166e-06;0.127835735944152
ENSG00000187957.8;ENSG00000187957;DNER;7212.35350999475;-0.57130689647271;0.125446160484375;-4.55419993937454;5.25853243405046e-06;0.130401087299583
ENSG00000158195.11;ENSG00000158195;WASF2;2813.16897486721;0.437405472006745;0.0960526109480798;4.55381137159488;5.26825984639776e-06;0.130642307670972
ENSG00000166206.15;ENSG00000166206;GABRB3;3399.92846818652;-0.414674198528417;0.0911425217773056;-4.54973365276876;5.37138610882596e-06;0.133199632726666
ENSG00000100504.17;ENSG00000100504;PYGL;239.762464058172;0.601536033670087;0.132320597266823;4.54604986748283;5.46620905589987e-06;0.135551052168205
ENSG00000171243.8;ENSG00000171243;SOSTDC1;95.3628995416596;-0.783300542076902;0.172554073019494;-4.53944974100037;5.64012215910899e-06;0.139863749301585
ENSG00000196284.16;ENSG00000196284;SUPT3H;551.139203263212;0.263174305662978;0.05800217075546;4.53731821128788;5.69741056452971e-06;0.141284387179208
ENSG00000150093.19;ENSG00000150093;ITGB1;10942.2698293651;0.435581580543384;0.0960388453998012;4.53547289880565;5.74745584962879e-06;0.142525410159095
ENSG00000229852.2;ENSG00000229852;KHDC1-AS1;403.800951752911;-0.262946329618499;0.0579955425910735;-4.53390584639466;5.79028477769012e-06;0.14358748191716
ENSG00000189339.11;ENSG00000189339;SLC35E2B;8610.22988790707;-0.401445992439677;0.0885543441672777;-4.53332918011738;5.8061223330733e-06;0.143980221615552
ENSG00000239513.5;ENSG00000239513;LINC01210;3.68439249092475;-2.20663877695055;0.486822951848291;-4.53273365311298;5.82252139343872e-06;0.144386885514493
ENSG00000171435.13;ENSG00000171435;KSR2;583.668386028294;-0.589601869323263;0.130128120533202;-4.5309335669136;5.87236042588088e-06;0.145622793840994
ENSG00000084652.16;ENSG00000084652;TXLNA;3820.23386769592;0.258333145339927;0.0570408994580697;4.52891079548676;5.92885211962133e-06;0.14702367486237
ENSG00000187634.12;ENSG00000187634;SAMD11;1115.25719188681;0.404861964095349;0.0894611770461619;4.52556044379386;6.02356618065844e-06;0.149372394147968
ENSG00000133321.11;ENSG00000133321;PLAAT4;11.6714296451853;2.33883040477842;0.516836165836325;4.52528394756163;6.03144704950911e-06;0.149567823933727
ENSG00000009950.16;ENSG00000009950;MLXIPL;70.6315861436908;-0.565544557202788;0.125150285467084;-4.51892342947577;6.21548664726494e-06;0.154131637878876
ENSG00000171246.6;ENSG00000171246;NPTX1;469.337574664308;-0.708023691736358;0.156774709759882;-4.51618563236873;6.29634746833413e-06;0.15613682451975
ENSG00000172403.11;ENSG00000172403;SYNPO2;70.2753948595732;0.7463760299745;0.165335149221215;4.51432156737503;6.35197754822521e-06;0.157516339240889
ENSG00000254245.2;ENSG00000254245;PCDHGA3;12.4761366176858;1.91809865006442;0.425341088799473;4.50955409804932;6.49640273844911e-06;0.161097795108061
ENSG00000198805.11;ENSG00000198805;PNP;575.950493796737;0.331443723610505;0.073508982274759;4.50888739517094;6.51684844476888e-06;0.161604807733379
ENSG00000180801.14;ENSG00000180801;ARSJ;696.838851180426;0.686612597806302;0.152292956893957;4.50849869757533;6.52879698610404e-06;0.161901107661408
ENSG00000198680.4;ENSG00000198680;TUSC1;475.687479071425;-0.495814393429475;0.110007600174323;-4.50709217039357;6.57220893116857e-06;0.162977637075118
ENSG00000102996.5;ENSG00000102996;MMP15;4347.15555683312;0.355911807605391;0.078978924193699;4.50641498651594;6.59320831780355e-06;0.163498379864892
ENSG00000154736.6;ENSG00000154736;ADAMTS5;225.055374170817;0.585573851908026;0.130119448780786;4.50027922339687;6.78642578608115e-06;0.16828978664324
ENSG00000205403.13;ENSG00000205403;CFI;279.686300850789;1.9203639125599;0.426847608011256;4.49894500172355;6.82915206476255e-06;0.169349312901982
ENSG00000169758.13;ENSG00000169758;TMEM266;304.093356534822;-0.609106793027074;0.135501102065712;-4.49521652400792;6.94991901745193e-06;0.172344091794773
ENSG00000141068.14;ENSG00000141068;KSR1;1785.99538618244;-0.257323292419257;0.0572481539242461;-4.49487493971878;6.9610846487114e-06;0.172620977118745
ENSG00000145423.5;ENSG00000145423;SFRP2;461.420534573571;-0.505887949121307;0.112553958701984;-4.49462599943532;6.96923275975218e-06;0.172823033976334
ENSG00000112419.14;ENSG00000112419;PHACTR2;594.073099155601;0.510653272962894;0.113630679186716;4.49397360482022;6.99062971273362e-06;0.173353635616368
ENSG00000263072.6;ENSG00000263072;ZNF213-AS1;770.979614835011;0.234437581504795;0.0521850936041914;4.49242427891257;7.04169590592977e-06;0.174619975075246
ENSG00000064961.19;ENSG00000064961;HMG20B;2659.12893702128;0.304673544980568;0.0678668038830844;4.48928677274144;7.14620390991905e-06;0.177211564558173
ENSG00000123815.12;ENSG00000123815;COQ8B;2032.01793668282;0.232367905035993;0.051777386367402;4.48782608274502;7.19536293384038e-06;0.178430610033374
ENSG00000164294.14;ENSG00000164294;GPX8;1009.53421787675;0.589486722107151;0.131423656887061;4.48539278292741;7.27797370794463e-06;0.180479192009611
ENSG00000130055.13;ENSG00000130055;GDPD2;2452.53978194454;0.612397862592253;0.136566718488551;4.48423942062862;7.31744659158255e-06;0.181458040578064
ENSG00000206384.10;ENSG00000206384;COL6A6;17.1222017499905;1.18608473330876;0.264513198510301;4.4840285474926;7.32468565524611e-06;0.181637554878793
ENSG00000107864.15;ENSG00000107864;CPEB3;777.49336185152;-0.470945163402457;0.105048879316987;-4.48310506941605;7.35646847873566e-06;0.182425705335687
ENSG00000106536.19;ENSG00000106536;POU6F2;229.891270923269;-0.623952678350506;0.139306358822973;-4.47899639056256;7.49948016275548e-06;0.18597210907601
ENSG00000170549.4;ENSG00000170549;IRX1;1119.60795690384;-0.4139089510088;0.0924434166734167;-4.47743025845804;7.55468953990116e-06;0.187341191210469
ENSG00000087250.8;ENSG00000087250;MT3;68.3037127599358;-1.08586049095351;0.242701856826685;-4.47405102355246;7.67514143262018e-06;0.190328157246115
ENSG00000124766.6;ENSG00000124766;SOX4;10259.6599197754;-0.43653186032693;0.0975865437689005;-4.47327923981715;7.70290789541574e-06;0.19101670999052
ENSG00000253276.3;ENSG00000253276;CCDC71L;331.214754029617;-0.371911323673747;0.0831804157399033;-4.47114047658376;7.78035692618596e-06;0.192937291055559
ENSG00000155966.13;ENSG00000155966;AFF2;440.829745495789;-0.591572278599537;0.132435473846943;-4.46687176340097;7.93716744327071e-06;0.196825878258227
ENSG00000173227.14;ENSG00000173227;SYT12;591.866086760476;-0.609232912988105;0.136402728529818;-4.46642761148964;7.95365574285865e-06;0.197234755111409
ENSG00000145685.14;ENSG00000145685;LHFPL2;604.887454905277;0.451243213126157;0.10104342404191;4.46583453999928;7.97572345960791e-06;0.197781990351357
ENSG00000175215.11;ENSG00000175215;CTDSP2;5131.60338633993;0.432984322952185;0.0970998476485143;4.45916583226287;8.22792446123462e-06;0.204036070789696
ENSG00000177551.5;ENSG00000177551;NHLH2;154.314911869462;-1.45860041231421;0.327148918407142;-4.45852127348;8.2527007565956e-06;0.204650473362058
ENSG00000203760.8;ENSG00000203760;CENPW;125.608698533295;0.529378092985402;0.118886887032078;4.45278790790919;8.47624711864999e-06;0.210193976048282
ENSG00000065413.20;ENSG00000065413;ANKRD44;341.967244259467;-0.425228247899464;0.0955805477073939;-4.44889946855336;8.63114005891163e-06;0.214035011180891
ENSG00000164841.5;ENSG00000164841;TMEM74;175.613841323118;-0.66270997141048;0.149011650325761;-4.4473701885839;8.69279579855859e-06;0.215563950212656
ENSG00000184564.10;ENSG00000184564;SLITRK6;159.16846892975;-0.864775513893444;0.194447884046717;-4.44733825792456;8.69408761689588e-06;0.215595984723784
ENSG00000090530.10;ENSG00000090530;P3H2;1390.26328547078;0.910429766663929;0.204736950030706;4.4468268503921;8.71480264228276e-06;0.216109675923328
ENSG00000113494.17;ENSG00000113494;PRLR;18.5464701738729;-0.906085486364284;0.203859100937848;-4.44466537032619;8.80287747474609e-06;0.218293755618754
ENSG00000251349.3;ENSG00000251349;MSANTD3-TMEFF1;1321.84595772646;-0.602554257281161;0.135637889151253;-4.44237418505709;8.89716591208784e-06;0.220631920287954
ENSG00000158106.14;ENSG00000158106;RHPN1;2809.9063209334;0.291573185714115;0.0656371788282535;4.44219558060299;8.90455637274513e-06;0.220815188931334
ENSG00000185551.15;ENSG00000185551;NR2F2;2214.60182225879;-0.564043250917514;0.127063970310713;-4.43904947671826;9.03570451348716e-06;0.224067400525455
ENSG00000164543.7;ENSG00000164543;STK17A;333.758749209108;0.386742081596988;0.0871327468652083;4.43853884458923;9.05716399885888e-06;0.224599552843703
ENSG00000166503.9;ENSG00000166503;HDGFL3;3905.80394006348;-0.216620076027533;0.048828757950835;-4.43632164974675;9.15090842859689e-06;0.226924227212346
ENSG00000113387.12;ENSG00000113387;SUB1;5697.95839583089;0.210228275227127;0.0474022345091843;4.43498660778101;9.20780127116537e-06;0.228335055922359
ENSG00000113742.13;ENSG00000113742;CPEB4;1284.64383128868;-0.39086103114875;0.0882242023646505;-4.43031527259643;9.40954211443656e-06;0.233337825353798
ENSG00000136160.16;ENSG00000136160;EDNRB;1783.00454003115;-1.26136389688493;0.284885529448597;-4.42761659157042;9.52800721240809e-06;0.236275522853296
ENSG00000198435.4;ENSG00000198435;NRARP;377.597378152889;-0.908668938464513;0.205243965936789;-4.42726262044833;9.54365091780218e-06;0.236663455459658
ENSG00000171522.6;ENSG00000171522;PTGER4;146.032278798575;-0.756701363158228;0.170932295762333;-4.42690692114941;9.55939571459644e-06;0.237053894930562
ENSG00000175567.9;ENSG00000175567;UCP2;1239.59196159753;0.614743423555491;0.138904580490088;4.4256526414502;9.61511384170686e-06;0.238435593046647
ENSG00000164082.15;ENSG00000164082;GRM2;318.639422367002;-0.733839911754206;0.165916820603669;-4.4229386091429;9.73674151029144e-06;0.241451715972207
ENSG00000114374.13;ENSG00000114374;USP9Y;2852.3669997207;-0.221301678413262;0.0500561179090181;-4.4210715424536;9.82126470911913e-06;0.243547722256736
ENSG00000163513.17;ENSG00000163513;TGFBR2;838.152007769382;0.944139424226216;0.213651406972824;4.41906485711235;9.9128897995359e-06;0.245819841248891
ENSG00000132164.10;ENSG00000132164;SLC6A11;303.354375685641;-0.831121789406147;0.188114642519285;-4.41816638128498;9.95417823124546e-06;0.246843711778425
ENSG00000121104.8;ENSG00000121104;FAM117A;874.544335238372;0.594528801517382;0.134617436121881;4.41643236303432;1.00343279248669e-05;0.248831263880849
ENSG00000164604.12;ENSG00000164604;GPR85;567.965030003692;-0.493895085093493;0.111839642004565;-4.4161003758697;1.00497431550822e-05;0.249213530759729
ENSG00000103202.13;ENSG00000103202;NME4;3467.82819413098;0.294160104568758;0.0666360242604761;4.41443060016462;1.01276197921108e-05;0.251144715604765
ENSG00000175445.16;ENSG00000175445;LPL;81.8552106095566;1.40766274188137;0.318941417421781;4.41354639124782;1.01690914675332e-05;0.252173130211888
ENSG00000117174.11;ENSG00000117174;ZNHIT6;572.444445594668;-0.278626990837597;0.0631484306888553;-4.41225518667988;1.02299437518154e-05;0.253682145157519
ENSG00000166501.13;ENSG00000166501;PRKCB;1794.89878742152;-0.604183555718522;0.136977442350196;-4.41082520853229;1.02977420086011e-05;0.25536340632929
ENSG00000125249.7;ENSG00000125249;RAP2A;1171.28923311867;-0.252082628386244;0.0572602733043584;-4.40240002080214;1.07059929631484e-05;0.265487213500154
ENSG00000227036.7;ENSG00000227036;LINC00511;865.99156884124;0.455998477057761;0.103580614051142;4.40235348317798;1.0708290332026e-05;0.265544183653582
ENSG00000106123.12;ENSG00000106123;EPHB6;1126.23816340965;-0.584862891675936;0.132892272006555;-4.40103011894541;1.07738166816241e-05;0.267169106070915
ENSG00000164741.15;ENSG00000164741;DLC1;3776.79804977656;0.783364136072801;0.178106641751401;4.39828705077832;1.09108609762233e-05;0.270567530488386
ENSG00000105854.13;ENSG00000105854;PON2;5495.67960204372;0.462437526372326;0.105163759364361;4.39730881786109;1.09601351024567e-05;0.271789430270721
ENSG00000158604.15;ENSG00000158604;TMED4;4054.58941251435;0.258802086256862;0.0588552855794539;4.39726158337101;1.09625196984333e-05;0.271848563481749
ENSG00000259129.5;ENSG00000259129;LINC00648;67.213383064197;-1.01737552980269;0.231444945926356;-4.39575608674732;1.10387835298153e-05;0.27373975397236
ENSG00000179314.14;ENSG00000179314;WSCD1;1589.78962480625;-0.475792617326579;0.108325234194494;-4.39226022324874;1.12178317411223e-05;0.278179791516352
ENSG00000130340.15;ENSG00000130340;SNX9;1509.06897213015;0.154611378127227;0.0352068427787406;4.39151499891344;1.12563568901527e-05;0.279135138162006
ENSG00000166741.7;ENSG00000166741;NNMT;202.012847057877;1.57241970960008;0.358615335450122;4.38469734604747;1.16147146897984e-05;0.288021694877622
ENSG00000003989.17;ENSG00000003989;SLC7A2;131.189952646053;0.711335538028571;0.162237797867847;4.38452412062446;1.16239603296886e-05;0.288250968255619
ENSG00000100336.17;ENSG00000100336;APOL4;139.760921194962;0.703545088396842;0.16055137631647;4.38205579135026;1.17564692444481e-05;0.291536924323825
ENSG00000157680.15;ENSG00000157680;DGKI;612.192581515875;-0.467597356682429;0.106718217296898;-4.38160764419011;1.17806815533988e-05;0.292137341161184
ENSG00000205268.10;ENSG00000205268;PDE7A;956.366849305027;-0.315482067215563;0.0720040695855663;-4.38144772971004;1.17893328627778e-05;0.292351876331163
ENSG00000165443.12;ENSG00000165443;PHYHIPL;2136.4710439522;-0.64838197626975;0.148013255051702;-4.38056697045996;1.1837090363286e-05;0.293536166828766
ENSG00000162552.15;ENSG00000162552;WNT4;6946.12019827698;0.422181962883584;0.096429997243547;4.37811858292712;1.19708215647395e-05;0.296852433162409
ENSG00000198648.11;ENSG00000198648;STK39;1138.20458249276;-0.272746971698227;0.0623043477478758;-4.37765551774879;1.19962758572695e-05;0.29748364870857
ENSG00000204442.3;ENSG00000204442;NALF1;571.149089061627;-0.452585847267749;0.103409999847445;-4.37661587791727;1.20536122702701e-05;0.298905477078157
ENSG00000144857.14;ENSG00000144857;BOC;2024.56542838874;0.541750117909302;0.123797781817552;4.37608905390333;1.20827665067701e-05;0.299628443834884
ENSG00000168575.10;ENSG00000168575;SLC20A2;2916.09797589561;0.814504797791736;0.186166449364341;4.37514278524855;1.21353017258608e-05;0.300931212197896
ENSG00000184402.15;ENSG00000184402;SS18L1;1535.8790806973;-0.357510108281168;0.0817211284698715;-4.3747573604906;1.21567622671945e-05;0.301463390701888
ENSG00000160284.15;ENSG00000160284;SPATC1L;579.051792785348;0.346250241960417;0.0791678297176315;4.37362301322887;1.22201333511156e-05;0.303034866840965
ENSG00000187135.7;ENSG00000187135;VSTM2B;341.247672122082;-0.751380092679569;0.171806121198283;-4.3734186386316;1.22315843426317e-05;0.303318828528581
ENSG00000100592.15;ENSG00000100592;DAAM1;3983.30588311539;-0.273419137007241;0.0625796997202104;-4.36913469111675;1.24739816419461e-05;0.30932979675698
ENSG00000087245.13;ENSG00000087245;MMP2;6806.43755439189;0.70633132960254;0.161665964145063;4.36907875654486;1.24771766825465e-05;0.309409027373789
ENSG00000196776.16;ENSG00000196776;CD47;5091.59210259636;0.451718114388767;0.103392383223904;4.36896897337724;1.24834498812591e-05;0.309564590155463
ENSG00000042062.12;ENSG00000042062;RIPOR3;114.641856347086;-0.931965248733327;0.213399039566701;-4.36724200177118;1.25825289330734e-05;0.312021552482354
ENSG00000139132.14;ENSG00000139132;FGD4;638.044194631452;-0.378062817602078;0.0865713331282035;-4.36706706413086;1.25926071278949e-05;0.312271471557538
ENSG00000105137.13;ENSG00000105137;SYDE1;505.684035457651;0.512993341641097;0.11749901768061;4.36593727988037;1.26578799822255e-05;0.313890107799228
ENSG00000149596.6;ENSG00000149596;JPH2;34.0444748181566;1.61562594364399;0.370057634747176;4.36587653365884;1.26613987021058e-05;0.31397736501482
ENSG00000128394.17;ENSG00000128394;APOBEC3F;145.984550459513;0.609598691114729;0.139629218115939;4.3658390367019;1.26635711761022e-05;0.314031238024983
ENSG00000141447.18;ENSG00000141447;OSBPL1A;2334.72411331415;0.287995710678917;0.0660712065929132;4.35886864384595;1.30736550785533e-05;0.324200498637966
ENSG00000196159.11;ENSG00000196159;FAT4;532.266136850558;0.531857966170828;0.12204977034707;4.35771378068468;1.31428101172554e-05;0.325915405287699
ENSG00000153404.14;ENSG00000153404;PLEKHG4B;314.69711145625;0.552323200790283;0.126758820560924;4.35727626958172;1.31691000138755e-05;0.326567342144085
ENSG00000127418.15;ENSG00000127418;FGFRL1;3962.59492636381;0.455037730676999;0.10443607467274;4.35709339041037;1.31801040243944e-05;0.326840219596932
ENSG00000119866.21;ENSG00000119866;BCL11A;911.008860948502;-0.41782972912901;0.0959980233538335;-4.35248262965744;1.3460453983699e-05;0.333792337887767
ENSG00000055732.13;ENSG00000055732;MCOLN3;14.5533561466176;1.06683759086566;0.245133352804964;4.35207032685783;1.34857986121393e-05;0.334420833983831
ENSG00000138614.15;ENSG00000138614;INTS14;1334.0273536428;0.175864856190515;0.0404164073147686;4.35132333314178;1.35318329901818e-05;0.335562394490529
ENSG00000172164.15;ENSG00000172164;SNTB1;751.99529781867;0.779633741802716;0.179174937771676;4.35124326816404;1.35367759745729e-05;0.335684970617459
ENSG00000139263.11;ENSG00000139263;LRIG3;1325.03962722638;0.669238919776756;0.153804617874428;4.3512277396193;1.35377348622345e-05;0.335708749113692
ENSG00000250120.7;ENSG00000250120;PCDHA10;383.804525534096;0.758589098044347;0.174366170455719;4.35055203691012;1.35795223123315e-05;0.336744994301196
ENSG00000105479.15;ENSG00000105479;ODAD1;1086.17370116803;0.723997539065655;0.166499804875589;4.3483386638599;1.37172671613746e-05;0.340160791067768
ENSG00000146352.13;ENSG00000146352;CLVS2;318.646723401952;-0.498530318055997;0.114699674612958;-4.34639696876417;1.38392011600996e-05;0.34318451036815
ENSG00000185838.14;ENSG00000185838;GNB1L;362.138563523835;0.223925950680778;0.051523310346461;4.34610954100233;1.38573385740812e-05;0.343634281960067
ENSG00000158966.15;ENSG00000158966;CACHD1;1322.24588285267;-0.574543689359539;0.132224390069066;-4.34521716499831;1.39137943217345e-05;0.345034271590371
ENSG00000185158.12;ENSG00000185158;LRRC37B;715.109192190983;-0.16406442991502;0.0377576289097499;-4.34519949086778;1.39149146796908e-05;0.345062054226973
ENSG00000120885.21;ENSG00000120885;CLU;9875.84682620538;0.656510282080567;0.151165333896944;4.34299495232247;1.40553364725559e-05;0.348544233846442
ENSG00000271425.8;ENSG00000271425;NBPF10;300.700974750976;0.581165212828486;0.13382452940407;4.34274056793963;1.40716266159454e-05;0.348948196822215
ENSG00000185033.14;ENSG00000185033;SEMA4B;3393.02615609611;0.290611013811401;0.0669321441437183;4.34187515623874;1.41271803674388e-05;0.350325818751748
ENSG00000183644.13;ENSG00000183644;HOATZ;191.809679169037;0.648960657327188;0.149473915818494;4.34163147311415;1.4142860927921e-05;0.350714665290584
ENSG00000143382.14;ENSG00000143382;ADAMTSL4;217.607974543181;0.833693223652748;0.192096712751743;4.33996611243513;1.42504690266106e-05;0.35338313092189
ENSG00000171532.5;ENSG00000171532;NEUROD2;41.5719359036303;-1.3749048336742;0.31683399967428;-4.33951165306648;1.42799694851304e-05;0.354114683292264
ENSG00000217236.2;ENSG00000217236;SP9;332.146313165784;-1.27725777014442;0.294344798536324;-4.3393250925302;1.42920965997453e-05;0.354415411480484
ENSG00000116983.13;ENSG00000116983;HPCAL4;1511.2576621958;-0.521553052517009;0.120236979459913;-4.33770920443736;1.43975469605754e-05;0.357030369528348
ENSG00000162631.18;ENSG00000162631;NTNG1;1235.97300369094;-0.489506276611475;0.112958754047864;-4.33349571476379;1.46760138691601e-05;0.363935791927433
ENSG00000180998.12;ENSG00000180998;GPR137C;564.085725848869;-0.49217034301213;0.11366930429995;-4.3298438927135;1.4921508153744e-05;0.370023559196544
ENSG00000185745.10;ENSG00000185745;IFIT1;521.384189233788;0.451275277581517;0.104276580602164;4.32767621430954;1.50690774119381e-05;0.37368298166124
ENSG00000152583.12;ENSG00000152583;SPARCL1;1480.84287522632;-1.61455436575874;0.373102119022545;-4.32737924402188;1.50894023368362e-05;0.374186999148864
ENSG00000260807.6;ENSG00000260807;CEROX1;991.546213336421;-0.656715139952734;0.151810570909509;-4.32588545065277;1.51920359905956e-05;0.37673210849479
ENSG00000151276.23;ENSG00000151276;MAGI1;2898.63104903031;-0.309964610145197;0.0716657384785634;-4.32514360035394;1.52432531103567e-05;0.378002190630625
ENSG00000106483.12;ENSG00000106483;SFRP4;281.327284833943;1.42061335186925;0.328457787624633;4.32510174943014;1.5246147385571e-05;0.37807396286739
ENSG00000235244.3;ENSG00000235244;DANT2;38.909118655976;-0.60441441430779;0.139770013902626;-4.32434967581006;1.52982477694606e-05;0.379365948187084
ENSG00000078018.19;ENSG00000078018;MAP2;15755.706820484;-0.399785704801151;0.0924529568368928;-4.32420680180581;1.53081646256114e-05;0.379611866385912
ENSG00000214063.11;ENSG00000214063;TSPAN4;3026.36265257487;0.324613682849679;0.0750706131126315;4.32411125193087;1.53148001430443e-05;0.379776413947212
ENSG00000285967.1;ENSG00000285967;NIPBL-DT;1099.74679254675;-0.284707423333062;0.0658489468560182;-4.32364429389566;1.53472677857011e-05;0.380581546549815
ENSG00000204388.7;ENSG00000204388;HSPA1B;3827.70313915836;0.581464767868417;0.134488465807318;4.32352889430299;1.53553016387306e-05;0.380780770037241
ENSG00000147421.18;ENSG00000147421;HMBOX1;1134.05703880442;-0.270008613825165;0.0624627409253646;-4.32271478684856;1.54120919398262e-05;0.38218905592381
ENSG00000196411.10;ENSG00000196411;EPHB4;919.52593130663;0.524381899848239;0.121348272013905;4.32129680254657;1.55114857658522e-05;0.384653824021603
ENSG00000147257.13;ENSG00000147257;GPC3;1458.48114413435;0.570728397195829;0.132104628693855;4.32027554854615;1.55834489509476e-05;0.386438367085599
ENSG00000244731.8;ENSG00000244731;C4A;6008.60578022039;1.67812900799629;0.388696985856858;4.31731932342351;1.57935593588676e-05;0.391648684981198
ENSG00000168386.18;ENSG00000168386;FILIP1L;525.423909628362;0.835425954021829;0.193643739684605;4.31424199606205;1.60151443646545e-05;0.397143549954701
ENSG00000116977.18;ENSG00000116977;LGALS8;394.2460438941;-0.581839207757934;0.134928431216571;-4.31220612669865;1.61633638637306e-05;0.400819097092793
ENSG00000253230.8;ENSG00000253230;MIR124-1HG;1183.47862669935;-0.792280326972301;0.183757994283848;-4.31154209132516;1.62119904539404e-05;0.402024939276813
ENSG00000113140.11;ENSG00000113140;SPARC;37710.6729665602;0.497309476930575;0.11534481446825;4.31150268196464;1.62148807375928e-05;0.402096612530828
ENSG00000162769.13;ENSG00000162769;FLVCR1;833.414387479904;-0.236250594163468;0.0548128395699762;-4.3101323707534;1.63156853974959e-05;0.404596366487104
ENSG00000153790.12;ENSG00000153790;SPMIP4;419.186364308736;0.317391791035421;0.0736723050753434;4.30815610711283;1.64621184054308e-05;0.408227612217873
ENSG00000111728.10;ENSG00000111728;ST8SIA1;742.842329823899;-0.600329735277485;0.139352103894477;-4.30800625537794;1.64732727445612e-05;0.408504217519629
ENSG00000122786.20;ENSG00000122786;CALD1;1595.82688769503;0.515438561467019;0.119648815961168;4.30792864372603;1.64790526638981e-05;0.408647547959345
ENSG00000159164.10;ENSG00000159164;SV2A;6608.65762760024;-0.421334134738346;0.0978175009714388;-4.30734920187104;1.65222661639902e-05;0.409719156334629
ENSG00000137962.13;ENSG00000137962;ARHGAP29;292.564693068348;0.692084179680789;0.160687347012369;4.30702349966308;1.65466037125308e-05;0.410322678863338
ENSG00000187672.13;ENSG00000187672;ERC2;1255.44050771789;-0.432334540909903;0.100403057300203;-4.30598980285262;1.66240714633168e-05;0.41224372414733
ENSG00000224717.1;ENSG00000224717;LEMD1-DT;52.7490910608079;-0.487161218794093;0.113139747456255;-4.30583618707876;1.66356132617609e-05;0.412529937665146
ENSG00000130224.15;ENSG00000130224;LRCH2;320.200198819151;-0.338858757297051;0.0787004701559416;-4.30567640352869;1.66476265740828e-05;0.412827843784105
ENSG00000171517.6;ENSG00000171517;LPAR3;15.3803724720168;-1.58277191107885;0.367980521693654;-4.30123829324998;1.69846288493865e-05;0.421184826207086
ENSG00000174943.11;ENSG00000174943;KCTD13;1377.21151189997;-0.329670701617345;0.0766464298664532;-4.30118796389806;1.69884875680799e-05;0.421280514713246
ENSG00000271824.1;ENSG00000271824;SMIM32;87.7483902535592;0.641047318817265;0.14906523671807;4.30044813218049;1.70453064748414e-05;0.422689509963117
ENSG00000129595.13;ENSG00000129595;EPB41L4A;809.53028554866;0.260330915316432;0.0605411769330827;4.30006366748008;1.70749047358624e-05;0.423423487639915
ENSG00000029993.15;ENSG00000029993;HMGB3;3653.3483080979;-0.280208970923714;0.0651921589999286;-4.29820050788655;1.72190363880311e-05;0.426997664350396
ENSG00000139329.5;ENSG00000139329;LUM;1894.32947177955;0.743091150390696;0.172898014785109;4.29785819874374;1.72456427432635e-05;0.427657448747447
ENSG00000169692.13;ENSG00000169692;AGPAT2;636.843664220945;0.404689707119018;0.094161053766546;4.29784598760297;1.72465925909208e-05;0.427681003069653
ENSG00000047457.14;ENSG00000047457;CP;552.02107346817;2.36239719920436;0.549959229044541;4.29558606245889;1.74232425800021e-05;0.432061569498893
ENSG00000186310.9;ENSG00000186310;NAP1L3;3927.69902510552;-0.408198015690947;0.0950350421648164;-4.29523685571709;1.74506920907325e-05;0.432742262465984
ENSG00000205363.5;ENSG00000205363;INSYN1;734.838428047967;-0.497252925359828;0.115803657768911;-4.2939310807618;1.75536985208322e-05;0.435296615919596
ENSG00000228824.6;ENSG00000228824;MIR4500HG;125.897775742981;-0.51985269114463;0.121240861899292;-4.28776802639727;1.80477423855969e-05;0.447547915678033
ENSG00000142408.4;ENSG00000142408;CACNG8;582.438275630741;-0.422267819445707;0.0985563700793749;-4.2845309654325;1.83125103529303e-05;0.454113631731966
ENSG00000116141.15;ENSG00000116141;MARK1;1643.23585775084;-0.29861709334919;0.0697194801840624;-4.28312277373309;1.84288414852313e-05;0.456998411150765
ENSG00000167889.12;ENSG00000167889;MGAT5B;2844.18401607267;-0.427767473374874;0.0998958515179549;-4.28213451184196;1.85109021116471e-05;0.459033350564625
ENSG00000126500.3;ENSG00000126500;FLRT1;530.031513914402;-0.667235595959627;0.155898792131483;-4.27992793810032;1.86953836721328e-05;0.46360812430155
ENSG00000172461.11;ENSG00000172461;FUT9;535.617647493368;-0.683368630296802;0.159694500064776;-4.27922458205895;1.87545552323022e-05;0.465075460650631
ENSG00000104327.7;ENSG00000104327;CALB1;424.651337607714;-0.987931835408802;0.230895634139727;-4.27869430745041;1.87992837897136e-05;0.466184639417318
ENSG00000253764.2;ENSG00000253764;KBTBD11-AS1;250.120379540558;-0.683928181596067;0.159882105346666;-4.27770312451874;1.8883162482217e-05;0.468264663234018
ENSG00000134508.12;ENSG00000134508;CABLES1;236.18903657804;-0.499234489030839;0.116733766067608;-4.27669307560677;1.89690043540595e-05;0.470393369971968
ENSG00000078687.17;ENSG00000078687;TNRC6C;1531.82557695129;-0.356177577333225;0.0833218809557173;-4.27471839627001;1.91379029088186e-05;0.474581716332884
ENSG00000148841.17;ENSG00000148841;ITPRIP;734.238561098382;0.582469240487661;0.136367565657627;4.27131801963852;1.94321063240909e-05;0.481877372624805
ENSG00000082781.12;ENSG00000082781;ITGB5;4648.71104214789;0.475682994291;0.111387090214683;4.27053973107825;1.95000476846075e-05;0.483562182482898
ENSG00000117758.14;ENSG00000117758;STX12;2495.01529028998;-0.238566251277428;0.0558823982695359;-4.26907682320216;1.96283661944147e-05;0.486744224889096
ENSG00000183117.19;ENSG00000183117;CSMD1;516.442839078218;-0.748952563940417;0.175436719544667;-4.26907528756961;1.96285013134869e-05;0.486747575571847
ENSG00000049239.12;ENSG00000049239;H6PD;2708.88559293633;0.456096192627246;0.106849415430596;4.26858856259725;1.96713725155143e-05;0.487810695639724
ENSG00000107719.9;ENSG00000107719;PALD1;408.31678988716;-0.857401464888219;0.201003974749404;-4.26559457820255;1.99370532844245e-05;0.494399047347158
ENSG00000118160.14;ENSG00000118160;SLC8A2;1699.97092726752;-0.597162491769865;0.140004803041047;-4.26530003827644;1.99633740497886e-05;0.495051749686657
ENSG00000124155.18;ENSG00000124155;PIGT;6170.52057853951;0.380613262527421;0.0892498478151971;4.26458164181443;2.00277104585454e-05;0.49664716395101
ENSG00000153012.12;ENSG00000153012;LGI2;543.742466063374;-0.693925529021493;0.162750404318413;-4.26374073801907;2.0103268896242e-05;0.498520862089009
ENSG00000204624.8;ENSG00000204624;DISP3;1982.77522328102;-0.414518722148758;0.0972235745867987;-4.2635618358044;2.01193789280375e-05;0.498920358657474
ENSG00000160310.18;ENSG00000160310;PRMT2;9052.43838786996;0.159761198853075;0.0374721720935345;4.26346245566695;2.01283333572531e-05;0.499142410593162